,,,,,,,,,,,,,,,,,,,,,,,,,,,,,,,,,,,,,,,,,,
1,0000037,동양철학의이해,01,교양선택,도민재,교양학부,100,57,개설,오프라인,미리보기,,,교양대학(강좌개설),교양학과(강좌개설),교양학과(강좌개설),공통," 13-201 첨단:금(1,2)",,2,2,0,학기,,,상대평가,상대기본(4080),○,이론,일반과목,일반강의,,,,제2영역:역사와철학,공통,,,,,,
2,0000045,논리와사고,01,교양선택,김준승,교양학부,100,99,개설,오프라인,미리보기,,,교양대학(강좌개설),교양학과(강좌개설),교양학과(강좌개설),공통," 13-301 첨단:화(5,6)",,2,2,0,학기,,,상대평가,상대기본(4080),○,이론,일반과목,일반강의,,,,제2영역:역사와철학,공통,,,,,,
3,0000047,철학과사상,01,교양선택,김준승,교양학부,100,97,개설,오프라인,미리보기,,,교양대학(강좌개설),교양학과(강좌개설),교양학과(강좌개설),공통," 13-301 첨단:화(1,2,3)",,3,3,0,학기,,,상대평가,상대기본(4080),○,이론,일반과목,일반강의,,,,제2영역:역사와철학,공통,,,,,,
4,0000048,동양문화사,01,교양선택,도민재,교양학부,100,23,개설,오프라인,미리보기,,,교양대학(강좌개설),교양학과(강좌개설),교양학과(강좌개설),공통," 13-403 첨단:월(1,2),화(3)",,3,3,0,학기,,,상대평가,상대기본(4080),○,이론,일반과목,일반강의,,,,제2영역:역사와철학,공통,,,,,,
5,0000049,서양문화사,01,교양선택,송영대,교양학부,100,94,개설,오프라인,미리보기,,,교양대학(강좌개설),교양학과(강좌개설),교양학과(강좌개설),공통," 13-103 계단강의실:수(4,5,6)",,3,3,0,학기,,,상대평가,상대기본(4080),○,이론,일반과목,일반강의,,,,제2영역:역사와철학,공통,,,,,,
6,0000056,수학의이해,01,교양선택,김인경,수학교육과,100,47,개설,오프라인,미리보기,,,교양대학(강좌개설),교양학과(강좌개설),교양학과(강좌개설),공통," 13-401 첨단:목(1,2)",,2,2,0,학기,,,상대평가,상대기본(4080),○,이론,일반과목,일반강의,,,,제4영역:과학과기술,공통,,,,,,
7,0000111,미래문화와정보전략,01,교양선택,김혜영,문헌정보학과,100,46,개설,오프라인,미리보기,,,교양대학(강좌개설),교양학과(강좌개설),교양학과(강좌개설),공통," 13-301 첨단:월(7,8)",,2,2,0,학기,,,상대평가,상대기본(4080),○,이론,일반과목,일반강의,,,,제3영역:인간과사회,공통,,,,,,
8,0000121,매스컴과현대사회,01,교양선택,안종묵,신문방송학과,800,796,개설,온라인(동영상콘텐츠),미리보기,미리보기,,교양대학(강좌개설),교양학과(강좌개설),교양학과(강좌개설),공통,,,2,2,0,학기,,,상대평가,상대기본(4080),○,이론,일반과목,인터넷강좌,,,,제3영역:인간과사회,공통,,,,,,출석시험: 10/21(월) 18:20~18:40
9,0000121,매스컴과현대사회,02,교양선택,안종묵,신문방송학과,0,10,개설,온라인(동영상콘텐츠),미리보기,미리보기,,교양대학(강좌개설),교양학과(강좌개설),교양학과(강좌개설),공통,,,2,2,0,학기,,,상대평가,상대기본(4080),○,이론,일반과목,인터넷강좌,,,,제3영역:인간과사회,공통,,,,,,조기취업학생만 수강
10,0000122,생활과법률,01,교양선택,조민우,교양학부,100,99,개설,오프라인,미리보기,,,교양대학(강좌개설),교양학과(강좌개설),교양학과(강좌개설),공통," 13-303 첨단:월(7,8,9)",,3,3,0,학기,,,상대평가,상대기본(4080),○,이론,일반과목,일반강의,,,,제3영역:인간과사회,공통,,,,,,
11,0000124,지방자치와행정,01,교양선택,유태종,국제교류처,100,97,개설,오프라인,미리보기,,다운로드,교양대학(강좌개설),교양학과(강좌개설),교양학과(강좌개설),공통," 13-201 첨단:월(3,4)",,2,2,0,학기,,,상대평가,상대기본(4080),○,이론,일반과목,일반강의,,,,제5영역:정치와경제,공통,,,,,,
12,0000126,정치학의이해,01,교양선택,최선영,교양학부,100,61,개설,오프라인,미리보기,,,교양대학(강좌개설),교양학과(강좌개설),교양학과(강좌개설),공통," 13-203 첨단:수(3,4)",,2,2,0,학기,,,상대평가,상대기본(4080),○,이론,일반과목,일반강의,,,,제5영역:정치와경제,공통,,,,,,
13,0000126,정치학의이해,02,교양선택,최선영,교양학부,100,66,개설,오프라인,미리보기,,,교양대학(강좌개설),교양학과(강좌개설),교양학과(강좌개설),공통," 13-203 첨단:수(6,7)",,2,2,0,학기,,,상대평가,상대기본(4080),○,이론,일반과목,일반강의,,,,제5영역:정치와경제,공통,,,,,,
14,0000127,현대의경제생활,01,교양선택,김종구,경제통상학과,100,98,개설,온오프병행,미리보기,,다운로드,교양대학(강좌개설),교양학과(강좌개설),교양학과(강좌개설),공통," 09-312 HyFlex강의실:수(8,9)",,2,2,0,학기,,,상대평가,상대기본(4080),○,이론,HyFlex강좌,일반강의,,,,제5영역:정치와경제,공통,,,,,,HyFlex강의실활용강좌(09동 312호)
15,0000130,개발과환경,01,교양선택,박종광,조경도시학과,100,96,개설,오프라인,미리보기,,,교양대학(강좌개설),교양학과(강좌개설),교양학과(강좌개설),공통," 13-101 계단강의실:수(5,6)",,2,2,0,학기,,,상대평가,상대기본(4080),○,이론,일반과목,일반강의,,,,제5영역:정치와경제,공통,,,,,,
16,0000134,관광산업의이해,01,교양선택,이익수,관광경영학과,800,775,개설,온라인(동영상콘텐츠),미리보기,미리보기,,교양대학(강좌개설),교양학과(강좌개설),교양학과(강좌개설),공통,,,2,2,0,학기,,,상대평가,상대기본(4080),○,이론,일반과목,인터넷강좌,,,,제5영역:정치와경제,공통,,,,,,출석시험: 10/21(월) 19:10~19:30
17,0000134,관광산업의이해,02,교양선택,이익수,관광경영학과,0,23,개설,온라인(동영상콘텐츠),미리보기,미리보기,,교양대학(강좌개설),교양학과(강좌개설),교양학과(강좌개설),공통,,,2,2,0,학기,,,상대평가,상대기본(4080),○,이론,일반과목,인터넷강좌,,,,제5영역:정치와경제,공통,,,,,,조기취업학생만 수강
18,0000135,현대회계의이해,01,교양선택,정훈,회계학과,100,44,개설,오프라인,미리보기,,,교양대학(강좌개설),교양학과(강좌개설),교양학과(강좌개설),공통," 13-301 첨단:목(8,9)",,2,2,0,학기,,,상대평가,상대기본(4080),○,이론,일반과목,일반강의,,,,제5영역:정치와경제,공통,,,,,,
19,0000136,생명의신비,01,교양선택,조성규,교양학부,100,97,개설,오프라인,미리보기,,,교양대학(강좌개설),교양학과(강좌개설),교양학과(강좌개설),공통," 13-301 첨단:수(8,9)",,2,2,0,학기,,,상대평가,상대기본(4080),○,이론,일반과목,일반강의,,,,제4영역:과학과기술,공통,,,,,,
20,0000142,건축의이해,01,교양선택,정진주,건축학과,100,99,개설,오프라인,미리보기,,,교양대학(강좌개설),교양학과(강좌개설),교양학과(강좌개설),공통," 13-201 첨단:수(1,2)",,2,2,0,학기,,,상대평가,상대기본(4080),○,이론,일반과목,일반강의,,,,제4영역:과학과기술,공통,,,,,,
21,0000142,건축의이해,02,교양선택,정진주,건축학과,100,99,개설,오프라인,미리보기,,,교양대학(강좌개설),교양학과(강좌개설),교양학과(강좌개설),공통," 13-501 첨단:수(5,6)",,2,2,0,학기,,,상대평가,상대기본(4080),○,이론,일반과목,일반강의,,,,제4영역:과학과기술,공통,,,,,,
22,0000151,남북한정치의이해,01,교양선택,유호근,경찰행정학과,100,99,개설,오프라인,미리보기,,,교양대학(강좌개설),교양학과(강좌개설),교양학과(강좌개설),공통," 13-303 첨단:화(6,7)",,2,2,0,학기,,,상대평가,상대기본(4080),○,이론,일반과목,일반강의,,,,제5영역:정치와경제,공통,,,,,,
23,0000153,성의사회학,01,교양선택,이영범,교양학부,100,22,개설,오프라인,미리보기,,,교양대학(강좌개설),교양학과(강좌개설),교양학과(강좌개설),공통," 13-401 첨단:월(8,9)",,2,2,0,학기,,,상대평가,상대기본(4080),○,이론,일반과목,일반강의,,,,제3영역:인간과사회,공통,,,,,,
24,0000155,인간생활과토지,01,교양선택,박정호,지적학과,100,83,개설,오프라인,미리보기,,,교양대학(강좌개설),교양학과(강좌개설),교양학과(강좌개설),공통," 13-202 첨단:금(1,2)",,2,2,0,학기,,,상대평가,상대기본(4080),○,이론,일반과목,일반강의,,,,제5영역:정치와경제,공통,,,,,,
25,0000164,현대생활과패션,01,교양선택,이유진,아트앤패션디자인학과,800,788,개설,온라인(동영상콘텐츠),미리보기,미리보기,,교양대학(강좌개설),교양학과(강좌개설),교양학과(강좌개설),공통,,,2,2,0,학기,,,상대평가,상대기본(4080),○,이론,일반과목,인터넷강좌,,,,일반영역,공통,,,,,,출석시험: 10/21(월) 20:00~20:20
26,0000164,현대생활과패션,02,교양선택,이유진,아트앤패션디자인학과,0,9,개설,온라인(동영상콘텐츠),미리보기,미리보기,,교양대학(강좌개설),교양학과(강좌개설),교양학과(강좌개설),공통,,,2,2,0,학기,,,상대평가,상대기본(4080),○,이론,일반과목,인터넷강좌,,,,일반영역,공통,,,,,,조기취업학생만 수강
27,0000167,생활과공예,01,교양선택,황성실,공예디자인학과,100,100,개설,오프라인,미리보기,,,교양대학(강좌개설),교양학과(강좌개설),교양학과(강좌개설),공통," 13-103 계단강의실:화(1,2)",,2,2,0,학기,,,상대평가,상대기본(4080),○,이론,일반과목,일반강의,,,,제1영역:문화와예술,공통,,,,,,
28,0000169,배드민턴,01,교양선택,장주선,생활체육학과,50,50,개설,오프라인,미리보기,,,교양대학(강좌개설),교양학과(강좌개설),교양학과(강좌개설),공통," 51-202 체육관:금(3,4)",,2,1,1,학기,,,상대평가,상대기본(4080),○,"이론+실습(실험,실습,실기)",일반과목,일반강의,,,,일반영역,공통,,,,,,
29,0000170,탁구,01,교양선택,김버들,교양학부,50,49,개설,오프라인,미리보기,,,교양대학(강좌개설),교양학과(강좌개설),교양학과(강좌개설),공통," 51-202 체육관:수(1,2)",,2,1,1,학기,,,상대평가,상대기본(4080),○,"이론+실습(실험,실습,실기)",일반과목,일반강의,,,,일반영역,공통,,,,,,
30,0000171,농구,01,교양선택,김헌일,생활체육학과,50,46,개설,오프라인,미리보기,,,교양대학(강좌개설),교양학과(강좌개설),교양학과(강좌개설),공통," 51-202 체육관:화(1,2)",,2,1,1,학기,,,상대평가,상대기본(4080),○,"이론+실습(실험,실습,실기)",일반과목,일반강의,,,,일반영역,공통,,,,,,
31,0000194,사회봉사2,01,교양선택,김현진,사회복지학과,100,99,개설,오프라인,미리보기,,,교양대학(강좌개설),교양학과(강좌개설),교양학과(강좌개설),공통, 13-303 첨단:금(3),,1,0,1,학기,,○,절대평가,,○,"실습(실험,실습,실기)",사회봉사과목,현장지도,,,,일반영역,공통,,,,,,
32,0000194,사회봉사2,02,교양선택,김헌진,사회복지학과,100,94,개설,오프라인,미리보기,,,교양대학(강좌개설),교양학과(강좌개설),교양학과(강좌개설),공통, 13-102 계단강의실:월(9),,1,0,1,학기,,○,절대평가,,○,"실습(실험,실습,실기)",사회봉사과목,현장지도,,,,일반영역,공통,,,,,,
33,0000194,사회봉사2,03,교양선택,홍석호,사회복지학과,100,98,개설,오프라인,미리보기,,,교양대학(강좌개설),교양학과(강좌개설),교양학과(강좌개설),공통, 13-303 첨단:목(3),,1,0,1,학기,,○,절대평가,,○,"실습(실험,실습,실기)",사회봉사과목,현장지도,,,,일반영역,공통,,,,,,
34,0005055,역사란무엇인가,01,교양선택,송영대,교양학부,100,52,개설,오프라인,미리보기,,,교양대학(강좌개설),교양학과(강좌개설),교양학과(강좌개설),공통," 13-203 첨단:수(1,2)",,2,2,0,학기,,,상대평가,상대기본(4080),○,이론,일반과목,일반강의,,,,제2영역:역사와철학,공통,,,,,,
35,0005067,취업전략과사회진출,01,교양선택,김형욱,무역학과,100,66,개설,오프라인,미리보기,,,교양대학(강좌개설),교양학과(강좌개설),교양학과(강좌개설),공통, 13-203 첨단:화(3),,1,1,0,학기,,○,절대평가,,○,이론,일반과목,일반강의,,,,일반영역,공통,,,,,,(4학년대상교과목)/취업지원팀
36,0005067,취업전략과사회진출,02,교양선택,김형욱,무역학과,100,89,개설,오프라인,미리보기,,,교양대학(강좌개설),교양학과(강좌개설),교양학과(강좌개설),공통, 13-203 첨단:화(4),,1,1,0,학기,,○,절대평가,,○,이론,일반과목,일반강의,,,,일반영역,공통,,,,,,(4학년대상교과목)/취업지원팀
37,0005103,무기체계론,01,교양선택,전규호,교양학부,100,65,개설,오프라인,미리보기,,,교양대학(강좌개설),교양학과(강좌개설),교양학과(강좌개설),공통," 13-402 첨단:월(5,6)",,2,2,0,학기,,,상대평가,상대기본(4080),○,이론,일반과목,일반강의,,,,일반영역,공통,,,,,,
38,0005104,전쟁사,01,교양선택,손인배,교양학부,100,85,개설,오프라인,미리보기,,,교양대학(강좌개설),교양학과(강좌개설),교양학과(강좌개설),공통," 13-202 첨단:월(3,4)",,2,2,0,학기,,,상대평가,상대기본(4080),○,이론,일반과목,일반강의,,,,제2영역:역사와철학,공통,,,,,,
39,0005104,전쟁사,02,교양선택,손인배,교양학부,100,86,개설,오프라인,미리보기,,,교양대학(강좌개설),교양학과(강좌개설),교양학과(강좌개설),공통," 13-202 첨단:월(6,7)",,2,2,0,학기,,,상대평가,상대기본(4080),○,이론,일반과목,일반강의,,,,제2영역:역사와철학,공통,,,,,,
40,0005104,전쟁사,03,교양선택,손인배,교양학부,100,91,개설,오프라인,미리보기,,,교양대학(강좌개설),교양학과(강좌개설),교양학과(강좌개설),공통," 13-202 첨단:화(3,4)",,2,2,0,학기,,,상대평가,상대기본(4080),○,이론,일반과목,일반강의,,,,제2영역:역사와철학,공통,,,,,,
41,0005105,북한학,01,교양선택,전규호,교양학부,100,66,개설,오프라인,미리보기,,,교양대학(강좌개설),교양학과(강좌개설),교양학과(강좌개설),공통," 13-402 첨단:월(8,9)",,2,2,0,학기,,,상대평가,상대기본(4080),○,이론,일반과목,일반강의,,,,제5영역:정치와경제,공통,,,,,,
42,0005105,북한학,02,교양선택,전규호,교양학부,100,93,개설,오프라인,미리보기,,,교양대학(강좌개설),교양학과(강좌개설),교양학과(강좌개설),공통," 13-102 계단강의실:수(3,4)",,2,2,0,학기,,,상대평가,상대기본(4080),○,이론,일반과목,일반강의,,,,제5영역:정치와경제,공통,,,,,,
43,0005105,북한학,03,교양선택,전규호,교양학부,100,99,개설,오프라인,미리보기,,,교양대학(강좌개설),교양학과(강좌개설),교양학과(강좌개설),공통," 13-102 계단강의실:수(8,9)",,2,2,0,학기,,,상대평가,상대기본(4080),○,이론,일반과목,일반강의,,,,제5영역:정치와경제,공통,,,,,,
44,0005106,국가안보론,01,교양선택,전규호,교양학부,100,96,개설,오프라인,미리보기,,,교양대학(강좌개설),교양학과(강좌개설),교양학과(강좌개설),공통," 13-103 계단강의실:목(5,6)",,2,2,0,학기,,,상대평가,상대기본(4080),○,이론,일반과목,일반강의,,,,제5영역:정치와경제,공통,,,,,,
45,0005106,국가안보론,02,교양선택,전규호,교양학부,100,25,개설,오프라인,미리보기,,,교양대학(강좌개설),교양학과(강좌개설),교양학과(강좌개설),공통," 13-103 계단강의실:목(8,9)",,2,2,0,학기,,,상대평가,상대기본(4080),○,이론,일반과목,일반강의,,,,제5영역:정치와경제,공통,,,,,,
46,0005107,리더십,01,교양선택,손인배,교양학부,100,98,개설,오프라인,미리보기,,,교양대학(강좌개설),교양학과(강좌개설),교양학과(강좌개설),공통," 13-202 첨단:화(6,7)",,2,2,0,학기,,,상대평가,상대기본(4080),○,이론,일반과목,일반강의,,,,일반영역,공통,,,,,,
47,0005107,리더십,02,교양선택,손인배,교양학부,100,92,개설,오프라인,미리보기,,,교양대학(강좌개설),교양학과(강좌개설),교양학과(강좌개설),공통," 13-202 첨단:목(3,4)",,2,2,0,학기,,,상대평가,상대기본(4080),○,이론,일반과목,일반강의,,,,일반영역,공통,,,,,,
48,0005107,리더십,03,교양선택,손인배,교양학부,100,89,개설,오프라인,미리보기,,,교양대학(강좌개설),교양학과(강좌개설),교양학과(강좌개설),공통," 13-202 첨단:목(6,7)",,2,2,0,학기,,,상대평가,상대기본(4080),○,이론,일반과목,일반강의,,,,일반영역,공통,,,,,,
49,0005113,자연과학의이해,01,교양선택,이은경,응용화학과,100,89,개설,오프라인,미리보기,,,교양대학(강좌개설),교양학과(강좌개설),교양학과(강좌개설),공통," 13-301 첨단:수(1,2)",,2,2,0,학기,,,상대평가,상대기본(4080),○,이론,일반과목,일반강의,,,,제4영역:과학과기술,공통,,,,,,
50,0005114,공연예술과일상생활,01,교양선택,어일선,영화영상학과,800,791,개설,온라인(동영상콘텐츠),미리보기,미리보기,,교양대학(강좌개설),교양학과(강좌개설),교양학과(강좌개설),공통,,,2,2,0,학기,,,상대평가,상대기본(4080),○,이론,일반과목,인터넷강좌,,,,제1영역:문화와예술,공통,,,,,,출석시험: 10/22(화) 18:20~18:40
51,0005114,공연예술과일상생활,02,교양선택,어일선,영화영상학과,0,17,개설,온라인(동영상콘텐츠),미리보기,미리보기,,교양대학(강좌개설),교양학과(강좌개설),교양학과(강좌개설),공통,,,2,2,0,학기,,,상대평가,상대기본(4080),○,이론,일반과목,인터넷강좌,,,,제1영역:문화와예술,공통,,,,,,조기취업학생만 수강
52,0005306,호신술,01,교양선택,지용석,생활체육학과,50,44,개설,오프라인,미리보기,,,교양대학(강좌개설),교양학과(강좌개설),교양학과(강좌개설),공통," 51-116 태권도실:목(8,9)",,2,1,1,학기,,,상대평가,상대기본(4080),○,"이론+실습(실험,실습,실기)",일반과목,일반강의,,,,일반영역,공통,,,,,,
53,0005364,성공하는프리젠테이션,01,교양선택,김찬석,광고홍보학과,800,783,개설,온라인(동영상콘텐츠),미리보기,미리보기,,교양대학(강좌개설),교양학과(강좌개설),교양학과(강좌개설),공통,,,2,2,0,학기,,,상대평가,상대기본(4080),○,이론,일반과목,인터넷강좌,,,,일반영역,공통,,,,,,출석시험: 10/22(화) 19:10~19:30
54,0005364,성공하는프리젠테이션,02,교양선택,김찬석,광고홍보학과,0,16,개설,온라인(동영상콘텐츠),미리보기,미리보기,,교양대학(강좌개설),교양학과(강좌개설),교양학과(강좌개설),공통,,,2,2,0,학기,,,상대평가,상대기본(4080),○,이론,일반과목,인터넷강좌,,,,일반영역,공통,,,,,,조기취업학생만 수강
55,0005451,광고로배우는아이디어발상법,01,교양선택,정상수,광고홍보학과,800,791,개설,온라인(동영상콘텐츠),미리보기,미리보기,,교양대학(강좌개설),교양학과(강좌개설),교양학과(강좌개설),공통,,,2,2,0,학기,,,상대평가,상대기본(4080),○,이론,일반과목,인터넷강좌,,,,일반영역,공통,,,,,,출석시험: 10/23(수) 18:20~18:40
56,0005451,광고로배우는아이디어발상법,02,교양선택,정상수,광고홍보학과,0,14,개설,온라인(동영상콘텐츠),미리보기,미리보기,,교양대학(강좌개설),교양학과(강좌개설),교양학과(강좌개설),공통,,,2,2,0,학기,,,상대평가,상대기본(4080),○,이론,일반과목,인터넷강좌,,,,일반영역,공통,,,,,,조기취업학생만 수강
57,0005471,세계화와나,01,교양선택,김종구,경제통상학과,100,96,개설,온오프병행,미리보기,,다운로드,교양대학(강좌개설),교양학과(강좌개설),교양학과(강좌개설),공통," 09-312 HyFlex강의실:수(1,2)",,2,2,0,학기,,,상대평가,상대기본(4080),○,이론,HyFlex강좌,일반강의,,,,제3영역:인간과사회,공통,,,,,,HyFlex강의실활용강좌(09동 312호)
58,0005538,글로벌시대의창조와도전,01,교양선택,하민철,경찰행정학과,200,192,개설,오프라인,미리보기,,,교양대학(강좌개설),교양학과(강좌개설),교양학과(강좌개설),공통," 08-001 청암홀:수(7,8)",,2,2,0,학기,,○,절대평가,,○,이론,일반과목,일반강의,,,,일반영역,공통,,,,,,
59,0005806,독서와토론,01,교양선택,김상태,국어교육과,100,48,개설,오프라인,미리보기,,,교양대학(강좌개설),교양학과(강좌개설),교양학과(강좌개설),공통," 13-103 계단강의실:수(1,2)",,2,2,0,학기,,,상대평가,상대기본(4080),○,이론,일반과목,일반강의,,,,일반영역,공통,,,,,,
60,0005807,문화유산으로본한국사,01,교양선택,박성준,교양학부,100,98,개설,오프라인,미리보기,,,교양대학(강좌개설),교양학과(강좌개설),교양학과(강좌개설),공통," 13-101 계단강의실:월(8,9)",,2,2,0,학기,,,상대평가,상대기본(4080),○,이론,일반과목,일반강의,,,,제2영역:역사와철학,공통,,,,,,
61,0005811,중국여행포커스,01,교양선택,이시찬,교양학부,100,100,개설,오프라인,미리보기,,,교양대학(강좌개설),교양학과(강좌개설),교양학과(강좌개설),공통," 13-103 계단강의실:월(6,7)",,2,2,0,학기,,,상대평가,상대기본(4080),○,이론,일반과목,일반강의,,,,일반영역,공통,,,,,,
62,0005826,현대생활과광고,01,교양선택,김철호,광고홍보학과,800,795,개설,온라인(동영상콘텐츠),미리보기,미리보기,,교양대학(강좌개설),교양학과(강좌개설),교양학과(강좌개설),공통,,,2,2,0,학기,,,상대평가,상대기본(4080),○,이론,일반과목,인터넷강좌,,,,제3영역:인간과사회,공통,,,,,,출석시험: 10/23(수) 19:10~19:30
63,0005826,현대생활과광고,02,교양선택,김철호,광고홍보학과,0,15,개설,온라인(동영상콘텐츠),미리보기,미리보기,,교양대학(강좌개설),교양학과(강좌개설),교양학과(강좌개설),공통,,,2,2,0,학기,,,상대평가,상대기본(4080),○,이론,일반과목,인터넷강좌,,,,제3영역:인간과사회,공통,,,,,,조기취업학생만 수강
64,0006431,러시아문화산책,01,교양선택,이영범,교양학부,800,778,개설,온라인(동영상콘텐츠),미리보기,미리보기,,교양대학(강좌개설),교양학과(강좌개설),교양학과(강좌개설),공통,,,2,2,0,학기,,,상대평가,상대기본(4080),○,이론,일반과목,인터넷강좌,,,,제1영역:문화와예술,공통,,,,,,출석시험: 10/23(수) 20:00~20:20
65,0006431,러시아문화산책,02,교양선택,이영범,교양학부,0,18,개설,온라인(동영상콘텐츠),미리보기,미리보기,,교양대학(강좌개설),교양학과(강좌개설),교양학과(강좌개설),공통,,,2,2,0,학기,,,상대평가,상대기본(4080),○,이론,일반과목,인터넷강좌,,,,제1영역:문화와예술,공통,,,,,,조기취업학생만 수강
66,0006436,생활속의마케팅,01,교양선택,이원준,경영학과,800,783,개설,온라인(동영상콘텐츠),미리보기,미리보기,,교양대학(강좌개설),교양학과(강좌개설),교양학과(강좌개설),공통,,,2,2,0,학기,,,상대평가,상대기본(4080),○,이론,일반과목,인터넷강좌,,,,일반영역,공통,,,,,,출석시험: 10/24(목) 18:20~18:40
67,0006436,생활속의마케팅,02,교양선택,이원준,경영학과,0,13,개설,온라인(동영상콘텐츠),미리보기,미리보기,,교양대학(강좌개설),교양학과(강좌개설),교양학과(강좌개설),공통,,,2,2,0,학기,,,상대평가,상대기본(4080),○,이론,일반과목,인터넷강좌,,,,일반영역,공통,,,,,,조기취업학생만 수강
68,0006437,취업을위한자기PR,01,교양선택,김찬석,광고홍보학과,800,767,개설,온라인(동영상콘텐츠),미리보기,미리보기,,교양대학(강좌개설),교양학과(강좌개설),교양학과(강좌개설),공통,,,2,2,0,학기,,,상대평가,상대기본(4080),○,이론,일반과목,인터넷강좌,,,,일반영역,공통,,,,,,출석시험: 10/22(화) 20:00~20:20
69,0006437,취업을위한자기PR,02,교양선택,김찬석,광고홍보학과,0,17,개설,온라인(동영상콘텐츠),미리보기,미리보기,,교양대학(강좌개설),교양학과(강좌개설),교양학과(강좌개설),공통,,,2,2,0,학기,,,상대평가,상대기본(4080),○,이론,일반과목,인터넷강좌,,,,일반영역,공통,,,,,,조기취업학생만 수강
70,0006707,문화기호학,01,교양선택,김상태,국어교육과,40,0,폐지,오프라인,미리보기,,다운로드,교양대학(강좌개설),교양학과(강좌개설),교양학과(강좌개설),공통," 42-304 ALC강의실:목(1,2)",2024-09-03,2,2,0,학기,,,상대평가,상대기본(4080),○,이론,일반과목,일반강의,,,,제1영역:문화와예술,공통,,,,,,(PBL교과목)
71,0007819,스마트한학습으로의여행,01,교양선택,최미나,교직과,800,748,개설,온라인(동영상콘텐츠),미리보기,미리보기,,교양대학(강좌개설),교양학과(강좌개설),교양학과(강좌개설),공통,,,2,2,0,학기,,,상대평가,상대기본(4080),○,이론,일반과목,인터넷강좌,,,,일반영역,공통,,,,,,출석시험: 10/24(목) 19:10~19:30
72,0007819,스마트한학습으로의여행,02,교양선택,최미나,교직과,0,20,개설,온라인(동영상콘텐츠),미리보기,미리보기,,교양대학(강좌개설),교양학과(강좌개설),교양학과(강좌개설),공통,,,2,2,0,학기,,,상대평가,상대기본(4080),○,이론,일반과목,인터넷강좌,,,,일반영역,공통,,,,,,조기취업학생만 수강
73,0008442,토익L/CⅠ,01,교양선택,함은경,교양학부,50,42,개설,오프라인,미리보기,미리보기,,교양대학(강좌개설),교양학과(강좌개설),교양학과(강좌개설),공통," 20-421 첨단:월(6,7)",,2,2,0,학기,,,절대평가,,○,이론,일반과목,일반강의,,,,일반영역,공통,,,,,,(토익 500점 목표)
74,0008442,토익L/CⅠ,02,교양선택,함은경,교양학부,50,38,개설,오프라인,미리보기,미리보기,,교양대학(강좌개설),교양학과(강좌개설),교양학과(강좌개설),공통," 09-402 첨단:월(3,4)",,2,2,0,학기,,,절대평가,,○,이론,일반과목,일반강의,,,,일반영역,공통,,,,,,(토익 500점 목표)
75,0008442,토익L/CⅠ,03,교양선택,함은경,교양학부,50,45,개설,오프라인,미리보기,미리보기,,교양대학(강좌개설),교양학과(강좌개설),교양학과(강좌개설),공통," 20-421 첨단:수(6,7)",,2,2,0,학기,,,절대평가,,○,이론,일반과목,일반강의,,,,일반영역,공통,,,,,,(토익 500점 목표)
76,0008442,토익L/CⅠ,04,교양선택,함은경,교양학부,50,46,개설,오프라인,미리보기,미리보기,,교양대학(강좌개설),교양학과(강좌개설),교양학과(강좌개설),공통," 09-308 첨단:수(3,4)",,2,2,0,학기,,,절대평가,,○,이론,일반과목,일반강의,,,,일반영역,공통,,,,,,(토익 500점 목표)
77,0008443,토익L/CⅡ,01,교양선택,신광인,교양학부,100,98,개설,오프라인,미리보기,,,교양대학(강좌개설),교양학과(강좌개설),교양학과(강좌개설),공통," 13-103 계단강의실:화(3,4)",,2,2,0,학기,,,절대평가,,○,이론,일반과목,일반강의,,,,일반영역,공통,,,,,,(토익 750점 목표)
78,0008444,토익R/CⅠ,01,교양선택,함은경,교양학부,50,50,개설,오프라인,미리보기,미리보기,,교양대학(강좌개설),교양학과(강좌개설),교양학과(강좌개설),공통," 20-421 첨단:월(8,9)",,2,2,0,학기,,,절대평가,,○,이론,일반과목,일반강의,,,,일반영역,공통,,,,,,(토익 500점 목표)
79,0008444,토익R/CⅠ,02,교양선택,김미진,교양학부,50,45,개설,오프라인,미리보기,,,교양대학(강좌개설),교양학과(강좌개설),교양학과(강좌개설),공통," 09-316 첨단:수(7,8)",,2,2,0,학기,,,절대평가,,○,이론,일반과목,일반강의,,,,일반영역,공통,,,,,,(토익 500점 목표)
80,0008444,토익R/CⅠ,03,교양선택,김집,교양학부,50,46,개설,오프라인,미리보기,,,교양대학(강좌개설),교양학과(강좌개설),교양학과(강좌개설),공통," 09-310 첨단:목(3,4)",,2,2,0,학기,,,절대평가,,○,이론,일반과목,일반강의,,,,일반영역,공통,,,,,,(토익 500점 목표)
81,0008444,토익R/CⅠ,04,교양선택,김집,교양학부,40,23,개설,오프라인,미리보기,,,교양대학(강좌개설),교양학과(강좌개설),교양학과(강좌개설),공통," 20-230 첨단:월(4,5)",,2,2,0,학기,,,절대평가,,○,이론,일반과목,일반강의,,,,일반영역,공통,,,,,,(토익 500점 목표)
82,0008445,토익R/CⅡ,01,교양선택,김집,교양학부,100,71,개설,오프라인,미리보기,,,교양대학(강좌개설),교양학과(강좌개설),교양학과(강좌개설),공통," 13-301 첨단:목(1,2)",,2,2,0,학기,,,절대평가,,○,이론,일반과목,일반강의,,,,일반영역,공통,,,,,,(토익 750점 목표)
83,0009242,한국문화의이해,01,교양선택,박광순,신문방송학과,50,0,폐지,오프라인,미리보기,,,교양대학(강좌개설),교양학과(강좌개설),교양학과(강좌개설),1학년," 20-420 첨단:목(6,7)",2024-09-03,2,2,0,학기,,,절대평가,,○,이론,교양지도과목,일반강의,,○,,,외국인,,,,,,(외국인학생만 수강)
84,0009242,한국문화의이해,02,교양선택,박광순,신문방송학과,50,28,개설,오프라인,미리보기,,,교양대학(강좌개설),교양학과(강좌개설),교양학과(강좌개설),1학년," 09-213 첨단:월(3,4)",,2,2,0,학기,,,절대평가,,○,이론,교양지도과목,일반강의,,○,,,외국인,,,,,,(외국인학생만 수강)
85,0009242,한국문화의이해,03,교양선택,신동의,교양학부,50,23,개설,오프라인,미리보기,,,교양대학(강좌개설),교양학과(강좌개설),교양학과(강좌개설),1학년," 09-213 첨단:수(1,2)",,2,2,0,학기,,,절대평가,,○,이론,교양지도과목,일반강의,,○,,,외국인,,,,,,(외국인학생만 수강)
86,0009242,한국문화의이해,04,교양선택,신동의,교양학부,50,26,개설,오프라인,미리보기,,,교양대학(강좌개설),교양학과(강좌개설),교양학과(강좌개설),1학년," 13-201 첨단:수(5,6)",,2,2,0,학기,,,절대평가,,○,이론,교양지도과목,일반강의,,○,,,외국인,,,,,,(외국인학생만 수강)
87,0009242,한국문화의이해,05,교양선택,신동의,교양학부,50,25,개설,오프라인,미리보기,,,교양대학(강좌개설),교양학과(강좌개설),교양학과(강좌개설),1학년," 13-101 계단강의실:수(8,9)",,2,2,0,학기,,,절대평가,,○,이론,교양지도과목,일반강의,,○,,,외국인,,,,,,(외국인학생만 수강)
88,0009248,언어와과학,01,교양선택,권영성,교양학부,100,91,개설,오프라인,미리보기,,,교양대학(강좌개설),교양학과(강좌개설),교양학과(강좌개설),공통," 13-401 첨단:화(5,6),수(9)",,3,3,0,학기,,,상대평가,상대기본(4080),○,이론,일반과목,일반강의,,,,제3영역:인간과사회,공통,,,,,,
89,0009252,스포츠마케팅의이해,01,교양선택,김헌일,생활체육학과,100,24,개설,오프라인,미리보기,,,교양대학(강좌개설),교양학과(강좌개설),교양학과(강좌개설),공통," 13-501 첨단:월(7),수(1,2)",,3,2,1,학기,,,상대평가,상대기본(4080),○,"이론+실습(실험,실습,실기)",일반과목,일반강의,,,,일반영역,공통,,,,,,
90,0009254,약과건강,01,교양선택,윤지은,제약공학과,100,100,개설,오프라인,미리보기,미리보기,,교양대학(강좌개설),교양학과(강좌개설),교양학과(강좌개설),공통," 13-401 첨단:화(3,4)",,2,2,0,학기,,,상대평가,상대기본(4080),○,이론,일반과목,일반강의,,,,제4영역:과학과기술,공통,,,,,,
91,0009255,카툰을통한대중시각문화의이해와감상,01,교양선택,성문기,만화애니메이션학과,100,81,개설,오프라인,미리보기,,,교양대학(강좌개설),교양학과(강좌개설),교양학과(강좌개설),공통," 13-103 계단강의실:월(3,4)",,2,2,0,학기,,,상대평가,상대기본(4080),○,이론,일반과목,일반강의,,,,제1영역:문화와예술,공통,,,,,,
92,0009256,토익Part7(독해),01,교양선택,김미진,교양학부,100,27,개설,오프라인,미리보기,,,교양대학(강좌개설),교양학과(강좌개설),교양학과(강좌개설),공통," 09-308 첨단:월(6,7)",,2,2,0,학기,,,절대평가,,○,이론,일반과목,일반강의,,,,일반영역,공통,,,,,,(토익 500점 이상 권장)
93,0009260,유토피아와디스토피아,01,교양선택,조한상,법학과,100,97,개설,오프라인,미리보기,,,교양대학(강좌개설),교양학과(강좌개설),교양학과(강좌개설),공통," 13-201 첨단:목(1,2)",,2,2,0,학기,,,상대평가,상대기본(4080),○,이론,일반과목,일반강의,,,,제2영역:역사와철학,공통,,,,,,
94,0009261,현대소비자와디지털광고,01,교양선택,김은희,광고홍보학과,100,94,개설,오프라인,미리보기,,,교양대학(강좌개설),교양학과(강좌개설),교양학과(강좌개설),공통," 13-201 첨단:월(8,9)",,2,2,0,학기,,,상대평가,상대기본(4080),○,이론,일반과목,일반강의,,,,제5영역:정치와경제,공통,,,,,,
95,0009262,젠더커뮤니케이션-남과여의의사소통,01,교양선택,이주희,법학과,100,96,개설,오프라인,미리보기,,,교양대학(강좌개설),교양학과(강좌개설),교양학과(강좌개설),공통," 13-101 계단강의실:월(3,4),수(3)",,3,3,0,학기,,,상대평가,상대기본(4080),○,이론,일반과목,일반강의,,,,제3영역:인간과사회,공통,,,,,,
96,0009263,문화-예술과저작권,01,교양선택,김상균,법학과,100,27,개설,오프라인,미리보기,,,교양대학(강좌개설),교양학과(강좌개설),교양학과(강좌개설),공통," 13-402 첨단:월(3,4),화(7)",,3,3,0,학기,,,상대평가,상대기본(4080),○,이론,일반과목,일반강의,,,,제3영역:인간과사회,공통,,,,,,
97,0009264,현대도시와미래,01,교양선택,류경무,건축공학과,100,97,개설,오프라인,미리보기,,,교양대학(강좌개설),교양학과(강좌개설),교양학과(강좌개설),공통," 13-501 첨단:화(1,2)",,2,2,0,학기,,,상대평가,상대기본(4080),○,이론,일반과목,일반강의,,,,제4영역:과학과기술,공통,,,,,,
98,0009266,스마트시대의정보보호,01,교양선택,김봉한,디지털보안학과,100,91,개설,오프라인,미리보기,,,교양대학(강좌개설),교양학과(강좌개설),교양학과(강좌개설),공통," 13-201 첨단:금(5,6)",,2,2,0,학기,,,상대평가,상대기본(4080),○,이론,일반과목,일반강의,,,,제4영역:과학과기술,공통,,,,,,
99,0009283,생활러시아어,01,교양선택,이영범,교양학부,100,31,개설,오프라인,미리보기,,,교양대학(강좌개설),교양학과(강좌개설),교양학과(강좌개설),공통," 13-303 첨단:수(8,9)",,2,2,0,학기,,,상대평가,상대기본(4080),○,이론,일반과목,일반강의,,,,일반영역,공통,,,,,,
100,0009441,다문화주의와글로컬리즘,01,교양선택,이영범,교양학부,100,44,개설,오프라인,미리보기,,,교양대학(강좌개설),교양학과(강좌개설),교양학과(강좌개설),공통," 13-403 첨단:월(5,6)",,2,2,0,학기,,,상대평가,상대기본(4080),○,이론,일반과목,일반강의,,,,제3영역:인간과사회,공통,,,,,,
101,0009442,세계화와세계지리,01,교양선택,염승일,조경도시학과,100,21,개설,오프라인,미리보기,,,교양대학(강좌개설),교양학과(강좌개설),교양학과(강좌개설),공통," 13-401 첨단:화(1,2),목(6)",,3,3,0,학기,,,상대평가,상대기본(4080),○,이론,일반과목,일반강의,,,,제3영역:인간과사회,공통,,,,,,
102,0009443,창의적기획서작성의이해,01,교양선택,이현선,광고홍보학과,100,92,개설,오프라인,미리보기,,,교양대학(강좌개설),교양학과(강좌개설),교양학과(강좌개설),공통," 13-202 첨단:월(8,9)",,2,2,0,학기,,,상대평가,상대기본(4080),○,이론,일반과목,일반강의,,,,일반영역,공통,,,,,,
103,0009444,지속가능한환경과에코캠퍼스,01,교양선택,백승관,건축학과,100,98,개설,오프라인,미리보기,,,교양대학(강좌개설),교양학과(강좌개설),교양학과(강좌개설),공통," 13-401 첨단:금(5,6)",,2,2,0,학기,,,상대평가,상대기본(4080),○,이론,일반과목,일반강의,,,,제4영역:과학과기술,공통,,,,,,
104,0009445,IT융합을위한창의소프트웨어,01,교양선택,전완식,교양학부,40,36,개설,오프라인,미리보기,,,교양대학(강좌개설),교양학과(강좌개설),교양학과(강좌개설),공통," 42-107C:월(8,9)",,2,1,1,학기,,,상대평가,상대기본(4080),○,"이론+실습(실험,실습,실기)",일반과목,일반강의,,,,제6영역:SW영역,공통,,,,,,(PBL교과목)
105,0009446,직업세계의이해와진로탐색,01,교양선택,임정섭,교직과,100,99,개설,오프라인,미리보기,,,교양대학(강좌개설),교양학과(강좌개설),교양학과(강좌개설),공통, 13-303 첨단:수(4),,1,1,0,학기,,○,절대평가,,○,이론,일반과목,일반강의,,,,일반영역,공통,,,,,,(1학년대상교과목)/학생종합상담센터
106,0009446,직업세계의이해와진로탐색,02,교양선택,임정섭,교직과,100,97,개설,오프라인,미리보기,,,교양대학(강좌개설),교양학과(강좌개설),교양학과(강좌개설),공통, 13-303 첨단:수(5),,1,1,0,학기,,○,절대평가,,○,이론,일반과목,일반강의,,,,일반영역,공통,,,,,,(1학년대상교과목)/학생종합상담센터
107,0009447,진로설정과직업선택,01,교양선택,임정섭,교직과,100,79,개설,오프라인,미리보기,,,교양대학(강좌개설),교양학과(강좌개설),교양학과(강좌개설),공통, 13-501 첨단:금(3),,1,1,0,학기,,○,절대평가,,○,이론,일반과목,일반강의,,,,일반영역,공통,,,,,,(2학년대상교과목)/학생종합상담센터
108,0009447,진로설정과직업선택,02,교양선택,최금진,교직과,100,74,개설,오프라인,미리보기,,,교양대학(강좌개설),교양학과(강좌개설),교양학과(강좌개설),공통, 13-301 첨단:월(9),,1,1,0,학기,,○,절대평가,,○,이론,일반과목,일반강의,,,,일반영역,공통,,,,,,(2학년대상교과목)/학생종합상담센터
109,0009448,진로설계와경력개발,01,교양선택,김형욱,무역학과,100,86,개설,오프라인,미리보기,,,교양대학(강좌개설),교양학과(강좌개설),교양학과(강좌개설),공통, 13-501 첨단:목(3),,1,1,0,학기,,○,절대평가,,○,이론,일반과목,일반강의,,,,일반영역,공통,,,,,,(3학년대상교과목)/취업지원팀
110,0009448,진로설계와경력개발,02,교양선택,김형욱,무역학과,100,84,개설,오프라인,미리보기,,,교양대학(강좌개설),교양학과(강좌개설),교양학과(강좌개설),공통, 13-501 첨단:목(4),,1,1,0,학기,,○,절대평가,,○,이론,일반과목,일반강의,,,,일반영역,공통,,,,,,(3학년대상교과목)/취업지원팀
111,0009449,중급일본어,01,교양선택,김선영,교양학부,100,88,개설,오프라인,미리보기,,,교양대학(강좌개설),교양학과(강좌개설),교양학과(강좌개설),공통," 13-101 계단강의실:화(1,2)",,2,2,0,학기,,,상대평가,상대기본(4080),○,이론,일반과목,일반강의,,,,일반영역,공통,,,,,,
112,0009452,대학생을위한실용금융,01,교양선택,은호익,교양학부,100,96,개설,오프라인,미리보기,,,교양대학(강좌개설),교양학과(강좌개설),교양학과(강좌개설),공통," 13-301 첨단:금(3,4)",,2,2,0,학기,,,상대평가,상대기본(4080),○,이론,일반과목,일반강의,,,,제5영역:정치와경제,공통,,,,,,
113,0009453,부모교육의이해,01,교양선택,김영식,호텔외식경영학과,100,100,개설,오프라인,미리보기,,,교양대학(강좌개설),교양학과(강좌개설),교양학과(강좌개설),공통," 13-401 첨단:금(3,4)",,2,2,0,학기,,,상대평가,상대기본(4080),○,이론,일반과목,일반강의,,,,제3영역:인간과사회,공통,,,,,,
114,0009454,창의적모바일코딩,01,교양선택,박영환,교양학부,40,0,폐지,오프라인,미리보기,,,교양대학(강좌개설),교양학과(강좌개설),교양학과(강좌개설),공통," 42-107C:화(6,7)",2024-08-28,2,1,1,학기,,,상대평가,상대기본(4080),○,"이론+실습(실험,실습,실기)",일반과목,일반강의,,,,제6영역:SW영역,공통,,,,,,
115,0009455,영상문화론:어떻게이미지를읽는가?,01,교양선택,박인영,교양학부,100,97,개설,오프라인,미리보기,,,교양대학(강좌개설),교양학과(강좌개설),교양학과(강좌개설),공통," 13-101 계단강의실:목(5,6)",,2,2,0,학기,,,상대평가,상대기본(4080),○,이론,교양지도과목,일반강의,,,,제1영역:문화와예술,공통,,,,,,
116,0009994,창업과법률,01,교양선택,오석웅,법학과,100,0,폐지,오프라인,미리보기,,,교양대학(강좌개설),교양학과(강좌개설),교양학과(강좌개설),공통," 13-203 첨단:화(7),목(1,2)",2024-08-28,3,3,0,학기,,,상대평가,상대기본(4080),○,이론,일반과목,일반강의,,,,일반영역,공통,,,,,,
117,0010627,창의적사고와상상력,01,교양선택,김성일,교양학부,100,94,개설,오프라인,미리보기,,,교양대학(강좌개설),교양학과(강좌개설),교양학과(강좌개설),공통," 13-501 첨단:목(1,2)",,2,2,0,학기,,,상대평가,상대기본(4080),○,이론,일반과목,일반강의,,,,제2영역:역사와철학,공통,,,,,,
118,0010628,말하기의사소통의원리와실제,01,교양선택,최건아,국어교육과,40,33,개설,오프라인,미리보기,,다운로드,교양대학(강좌개설),교양학과(강좌개설),교양학과(강좌개설),공통," 42-304 ALC강의실:화(1,2)",,2,2,0,학기,,,상대평가,상대기본(4080),○,이론,일반과목,일반강의,,,,제3영역:인간과사회,공통,,,,,,(PBL교과목)
119,0010629,TED로만나는영어와세계문화,01,교양선택,신광인,교양학부,100,92,개설,오프라인,미리보기,,,교양대학(강좌개설),교양학과(강좌개설),교양학과(강좌개설),공통," 13-203 첨단:목(3,4)",,2,2,0,학기,,,상대평가,상대기본(4080),○,이론,일반과목,일반강의,,,,제1영역:문화와예술,공통,,,,,,
120,0010630,실학사상과현대사회,01,교양선택,도민재,교양학부,100,90,개설,오프라인,미리보기,,,교양대학(강좌개설),교양학과(강좌개설),교양학과(강좌개설),공통," 13-203 첨단:화(5,6)",,2,2,0,학기,,,상대평가,상대기본(4080),○,이론,일반과목,일반강의,,,,제2영역:역사와철학,공통,,,,,,
121,0010631,동양고전과리더십,01,교양선택,도민재,교양학부,100,96,개설,오프라인,미리보기,,,교양대학(강좌개설),교양학과(강좌개설),교양학과(강좌개설),공통," 13-201 첨단:수(3,4)",,2,2,0,학기,,,상대평가,상대기본(4080),○,이론,일반과목,일반강의,,,,제2영역:역사와철학,공통,,,,,,
122,0010633,비판적사고와논증,01,교양선택,김범수,교양학부,100,28,개설,오프라인,미리보기,,,교양대학(강좌개설),교양학과(강좌개설),교양학과(강좌개설),공통," 13-102 계단강의실:화(1,2,3)",,3,3,0,학기,,,상대평가,상대기본(4080),○,이론,일반과목,일반강의,,,,제2영역:역사와철학,공통,,,,,,
123,0010634,청년의삶과21세기민주시민,01,교양선택,유호근,경찰행정학과,100,23,개설,오프라인,미리보기,,,교양대학(강좌개설),교양학과(강좌개설),교양학과(강좌개설),공통," 13-303 첨단:금(1,2)",,2,2,0,학기,,,상대평가,상대기본(4080),○,이론,일반과목,일반강의,,,,제5영역:정치와경제,공통,,,,,,
124,0010637,과학사의이해,01,교양선택,김범수,교양학부,100,75,개설,오프라인,미리보기,,,교양대학(강좌개설),교양학과(강좌개설),교양학과(강좌개설),공통," 13-101 계단강의실:화(5,6,7)",,3,3,0,학기,,,상대평가,상대기본(4080),○,이론,일반과목,일반강의,,,,제4영역:과학과기술,공통,,,,,,
125,0010640,국제개발협력의이해,01,교양선택,백숙희,교양학부,100,88,개설,온오프병행,미리보기,,,교양대학(강좌개설),교양학과(강좌개설),교양학과(강좌개설),공통," 09-312 HyFlex강의실:화(5,6,7)",,3,3,0,학기,,,상대평가,상대기본(4080),○,이론,HyFlex강좌,일반강의,,,,제5영역:정치와경제,공통,,,,,,HyFlex강의실활용강좌(09동 312호)
126,0010641,유도의이론및실기,01,교양선택,박종학,생활체육학과,50,0,폐지,오프라인,미리보기,,,교양대학(강좌개설),교양학과(강좌개설),교양학과(강좌개설),공통," 51-109 유도장:화(5,6)",2024-08-28,2,1,1,학기,,,상대평가,상대기본(4080),○,"이론+실습(실험,실습,실기)",일반과목,일반강의,,,,일반영역,공통,,,,,,
127,0010642,인간심리이해,01,교양선택,임정섭,교직과,100,57,개설,오프라인,미리보기,,,교양대학(강좌개설),교양학과(강좌개설),교양학과(강좌개설),공통," 13-501 첨단:월(8,9),화(3)",,3,3,0,학기,,,상대평가,상대기본(4080),○,이론,일반과목,일반강의,,,,제3영역:인간과사회,공통,,,,,,
128,0011159,CLAP2,01,교양선택,이종선,산업디자인학과,50,20,개설,오프라인,미리보기,,,교양대학(강좌개설),교양학과(강좌개설),교양학과(강좌개설),공통," 42-207 강의실:금(2,3,5,6)",,3,2,2,학기,,,절대평가,,○,"이론+실습(실험,실습,실기)",일반과목,일반강의,,,,제3영역:인간과사회,공통,,,,,,(CLAP 선발학생만 수강)
129,0011160,사회학의이해,01,교양선택,이정환,교양학부,100,14,개설,오프라인,미리보기,,,교양대학(강좌개설),교양학과(강좌개설),교양학과(강좌개설),공통," 13-203 첨단:목(8,9),금(4)",,3,3,0,학기,,,상대평가,상대기본(4080),○,이론,일반과목,일반강의,,,,제3영역:인간과사회,공통,,,,,,
130,0011162,법치주의와의회정치,01,교양선택,최철호,법학과,100,0,폐지,오프라인,미리보기,,,교양대학(강좌개설),교양학과(강좌개설),교양학과(강좌개설),공통," 13-302 첨단:수(7),금(1,2)",2024-08-28,3,3,0,학기,,,상대평가,상대기본(4080),○,이론,일반과목,일반강의,,,,제5영역:정치와경제,공통,,,,,,
131,0011163,자본주의와경제학,01,교양선택,김종구,경제통상학과,100,96,개설,온오프병행,미리보기,,다운로드,교양대학(강좌개설),교양학과(강좌개설),교양학과(강좌개설),공통," 09-312 HyFlex강의실:목(8,9)",,2,2,0,학기,,,상대평가,상대기본(4080),○,이론,HyFlex강좌,일반강의,,,,제5영역:정치와경제,공통,,,,,,HyFlex강의실활용강좌(09동 312호)
132,0011165,민주주의란무엇인가? ,01,교양선택,유호근,경찰행정학과,100,52,개설,오프라인,미리보기,,,교양대학(강좌개설),교양학과(강좌개설),교양학과(강좌개설),공통," 13-303 첨단:월(5,6),화(4)",,3,3,0,학기,,,상대평가,상대기본(4080),○,이론,일반과목,일반강의,,,,제5영역:정치와경제,공통,,,,,,
133,0011166,국제관계의이해,01,교양선택,유호근,경찰행정학과,100,85,개설,오프라인,미리보기,,,교양대학(강좌개설),교양학과(강좌개설),교양학과(강좌개설),공통," 13-303 첨단:화(3),목(1,2)",,3,3,0,학기,,,상대평가,상대기본(4080),○,이론,일반과목,일반강의,,,,제5영역:정치와경제,공통,,,,,,
134,0011168,빅데이터의이해,01,교양선택,이동혁,교양학부,40,38,개설,오프라인,미리보기,,,교양대학(강좌개설),교양학과(강좌개설),교양학과(강좌개설),공통," 42-107C:금(3,4)",,2,1,1,학기,,,상대평가,상대기본(4080),○,"이론+실습(실험,실습,실기)",일반과목,일반강의,,,,제6영역:SW영역,공통,,,,,,
135,0011197,입문일본어,01,교양선택,권영성,교양학부,50,50,개설,오프라인,미리보기,,,교양대학(강좌개설),교양학과(강좌개설),교양학과(강좌개설),공통," 13-402 첨단:수(1,2)",,2,2,0,학기,,,상대평가,상대기본(4080),○,이론,일반과목,일반강의,,,,일반영역,공통,,,,,,
136,0011199,입문중국어,01,교양선택,왕뢰,교양학부,50,49,개설,오프라인,미리보기,,,교양대학(강좌개설),교양학과(강좌개설),교양학과(강좌개설),공통," 09-310 첨단:수(3,4)",,2,2,0,학기,,,상대평가,상대기본(4080),○,이론,일반과목,일반강의,,,,일반영역,공통,,,,,,
137,0011199,입문중국어,02,교양선택,왕뢰,교양학부,50,47,개설,오프라인,미리보기,,,교양대학(강좌개설),교양학과(강좌개설),교양학과(강좌개설),공통," 09-307 첨단:수(8,9)",,2,2,0,학기,,,상대평가,상대기본(4080),○,이론,일반과목,일반강의,,,,일반영역,공통,,,,,,
138,0011225,아카데믹영어,01,교양선택,김미진,교양학부,50,46,개설,오프라인,미리보기,,,교양대학(강좌개설),교양학과(강좌개설),교양학과(강좌개설),공통," 09-316 첨단:수(5,6)",,2,2,0,학기,,,상대평가,상대기본(4080),○,이론,일반과목,일반강의,,,,일반영역,공통,,,,,,
139,0011347,논어의지혜,01,교양선택,도민재,교양학부,100,0,폐지,오프라인,미리보기,,,교양대학(강좌개설),교양학과(강좌개설),교양학과(강좌개설),공통," 13-203 첨단:금(5,6)",2024-08-28,2,2,0,학기,,,상대평가,상대기본(4080),○,이론,일반과목,일반강의,,,,제2영역:역사와철학,공통,,,,,,
140,0011348,인물로만나보는한국사,01,교양선택,박성준,교양학부,100,99,개설,오프라인,미리보기,,,교양대학(강좌개설),교양학과(강좌개설),교양학과(강좌개설),공통," 13-101 계단강의실:월(5,6)",,2,2,0,학기,,,상대평가,상대기본(4080),○,이론,일반과목,일반강의,,,,제2영역:역사와철학,공통,,,,,,
141,0011351,헌법으로읽는한국사회,01,교양선택,조한상,법학과,800,775,개설,온라인(동영상콘텐츠),미리보기,미리보기,,교양대학(강좌개설),교양학과(강좌개설),교양학과(강좌개설),공통,,,2,2,0,학기,,,상대평가,상대기본(4080),○,이론,일반과목,인터넷강좌,,,,제3영역:인간과사회,공통,,,,,,출석시험: 10/24(목) 20:00~20:20
142,0011351,헌법으로읽는한국사회,02,교양선택,조한상,법학과,0,17,개설,온라인(동영상콘텐츠),미리보기,미리보기,,교양대학(강좌개설),교양학과(강좌개설),교양학과(강좌개설),공통,,,2,2,0,학기,,,상대평가,상대20(기본),○,이론,일반과목,인터넷강좌,,,,제3영역:인간과사회,공통,,,,,,조기취업학생만 수강
143,0011352,과학기술과인간의미래,01,교양선택,이은경,응용화학과,100,0,폐지,오프라인,미리보기,,,교양대학(강좌개설),교양학과(강좌개설),교양학과(강좌개설),공통," 09-213 첨단:화(1,2)",2024-08-28,2,2,0,학기,,,상대평가,상대기본(4080),○,이론,일반과목,일반강의,,,,제4영역:과학과기술,공통,,,,,,
144,0011355,현대아시아지역문화의이해,01,교양선택,왕뢰,교양학부,100,29,개설,오프라인,미리보기,,,교양대학(강좌개설),교양학과(강좌개설),교양학과(강좌개설),공통," 13-301 첨단:월(5,6), 13-303 첨단:수(6)",,3,3,0,학기,,,상대평가,상대기본(4080),○,이론,일반과목,일반강의,,,,제1영역:문화와예술,공통,,,,,,
145,0011357,영어회화(중급),01,교양선택,아이린 애모스,교양학부,30,30,개설,오프라인,미리보기,,,교양대학(강좌개설),교양학과(강좌개설),교양학과(강좌개설),공통," 20-421 첨단:화(3,4)",,2,2,0,학기,,,상대평가,상대기본(4080),○,이론,일반과목,일반강의,,,,일반영역,공통,,,,,,
146,0011358,영어독해(중급),01,교양선택,함은경,교양학부,50,44,개설,오프라인,미리보기,,,교양대학(강좌개설),교양학과(강좌개설),교양학과(강좌개설),공통," 09-308 첨단:목(3,4)",,2,2,0,학기,,,상대평가,상대기본(4080),○,이론,일반과목,일반강의,,,,일반영역,공통,,,,,,
147,0011359,한국어화법의이해,01,교양선택,세연령,교양학부,55,26,개설,오프라인,미리보기,,,교양대학(강좌개설),교양학과(강좌개설),교양학과(강좌개설),공통," 13-501 첨단:월(3),금(5,6)",,3,3,0,학기,,,절대평가,,○,이론,일반과목,일반강의,,,,일반영역,외국인,,,,,,(외국인학생만 수강)
148,0011359,한국어화법의이해,02,교양선택,세연령,교양학부,50,50,개설,오프라인,미리보기,,,교양대학(강좌개설),교양학과(강좌개설),교양학과(강좌개설),공통," 42-206 LAB-5:42-206 첨단:화(1,2),수(7)",,3,3,0,학기,,,절대평가,,○,이론,일반과목,원어강좌,,,,일반영역,외국인,,,,,,"외국인대상 이중언어과정(3,4학년편입)"
149,0011359,한국어화법의이해,03,교양선택,세연령,교양학부,50,49,개설,오프라인,미리보기,,,교양대학(강좌개설),교양학과(강좌개설),교양학과(강좌개설),공통," 42-206 LAB-5:42-206 첨단:화(3),수(5,6)",,3,3,0,학기,,,절대평가,,○,이론,일반과목,원어강좌,,,,일반영역,외국인,,,,,,"외국인대상 이중언어과정(3,4학년편입)"
150,0011359,한국어화법의이해,04,교양선택,세연령,교양학부,50,50,개설,오프라인,미리보기,,,교양대학(강좌개설),교양학과(강좌개설),교양학과(강좌개설),공통," 42-205 LAB-4:42-205 첨단:목(3), 42-206 LAB-5:42-206 첨단:금(1,2)",,3,3,0,학기,,,절대평가,,○,이론,일반과목,원어강좌,,,,일반영역,외국인,,,,,,"외국인대상 이중언어과정(3,4학년편입)"
151,0011359,한국어화법의이해,05,교양선택,가취명,교양학부,52,52,개설,오프라인,미리보기,,,교양대학(강좌개설),교양학과(강좌개설),교양학과(강좌개설),공통," 09-308 첨단:화(3),수(8,9)",,3,3,0,학기,,,절대평가,,○,이론,일반과목,원어강좌,,,,일반영역,외국인,,,,,,"외국인대상 이중언어과정(3,4학년편입)"
152,0011359,한국어화법의이해,06,교양선택,이수진,교양학부,50,27,개설,오프라인,미리보기,,,교양대학(강좌개설),교양학과(강좌개설),교양학과(강좌개설),공통," 09-310 첨단:월(7,8,9)",,3,3,0,학기,,,절대평가,,○,이론,일반과목,일반강의,,,,일반영역,외국인,,,,,,(외국인학생만 수강)
153,0011359,한국어화법의이해,07,교양선택,김보은,교양학부,50,50,개설,오프라인,미리보기,,,교양대학(강좌개설),교양학과(강좌개설),교양학과(강좌개설),공통," 42-204 HyFlex강의실:목(1,2,3)",,3,3,0,학기,,,절대평가,,○,이론,일반과목,원어강좌,,,,일반영역,외국인,,,,,,"외국인대상 이중언어과정(3,4학년편입)"
154,0011359,한국어화법의이해,08,교양선택,,,0,0,폐지,오프라인,,,,교양대학(강좌개설),교양학과(강좌개설),교양학과(강좌개설),공통," 13-301 첨단:목(5,6,7)",2024-08-28,3,3,0,학기,,,절대평가,,○,이론,일반과목,원어강좌,,,,일반영역,외국인,,,,,,"외국인대상 이중언어과정(3,4학년편입)"
155,0011360,한국어문법의이해,01,교양선택,김상태,국어교육과,50,29,개설,오프라인,미리보기,,,교양대학(강좌개설),교양학과(강좌개설),교양학과(강좌개설),공통," 09-316 첨단:목(9),금(6,7)",,3,3,0,학기,,,절대평가,,○,이론,일반과목,일반강의,,,,일반영역,외국인,,,,,,(외국인학생만 수강)
156,0011360,한국어문법의이해,02,교양선택,김상태,국어교육과,50,49,개설,오프라인,미리보기,,,교양대학(강좌개설),교양학과(강좌개설),교양학과(강좌개설),공통," 09-316 첨단:월(1,2),화(3)",,3,3,0,학기,,,절대평가,,○,이론,일반과목,원어강좌,,,,일반영역,외국인,,,,,,"외국인대상 이중언어과정(3,4학년편입)"
157,0011360,한국어문법의이해,03,교양선택,김상태,국어교육과,50,50,개설,오프라인,미리보기,,,교양대학(강좌개설),교양학과(강좌개설),교양학과(강좌개설),공통," 09-316 첨단:월(3),화(1,2)",,3,3,0,학기,,,절대평가,,○,이론,일반과목,원어강좌,,,,일반영역,외국인,,,,,,"외국인대상 이중언어과정(3,4학년편입)"
158,0011360,한국어문법의이해,04,교양선택,김상태,국어교육과,70,70,개설,오프라인,미리보기,,,교양대학(강좌개설),교양학과(강좌개설),교양학과(강좌개설),공통," 13-103 계단강의실:수(3),금(1,2)",,3,3,0,학기,,,절대평가,,○,이론,일반과목,원어강좌,,,,일반영역,외국인,,,,,,"외국인대상 이중언어과정(3,4학년편입)"
159,0011360,한국어문법의이해,05,교양선택,김상태,국어교육과,50,49,개설,오프라인,미리보기,,,교양대학(강좌개설),교양학과(강좌개설),교양학과(강좌개설),공통," 09-316 첨단:목(7,8),금(5)",,3,3,0,학기,,,절대평가,,○,이론,일반과목,원어강좌,,,,일반영역,외국인,,,,,,"외국인대상 이중언어과정(3,4학년편입)"
160,0011360,한국어문법의이해,06,교양선택,정운영,교양학부,70,70,개설,오프라인,미리보기,,,교양대학(강좌개설),교양학과(강좌개설),교양학과(강좌개설),공통," 13-102 계단강의실:수(5,6,7)",,3,3,0,학기,,,절대평가,,○,이론,일반과목,원어강좌,,,,일반영역,외국인,,,,,,"외국인대상 이중언어과정(3,4학년편입)"
161,0011360,한국어문법의이해,07,교양선택,정운영,교양학부,50,50,개설,오프라인,미리보기,,,교양대학(강좌개설),교양학과(강좌개설),교양학과(강좌개설),공통," 42-205 LAB-4:42-205 첨단:수(1,2,3)",,3,3,0,학기,,,절대평가,,○,이론,일반과목,원어강좌,,,,일반영역,외국인,,,,,,"외국인대상 이중언어과정(3,4학년편입)"
162,0011361,컴퓨터를활용한한국어교육,01,교양선택,홍성웅,산학협력단,40,35,개설,오프라인,미리보기,,,교양대학(강좌개설),교양학과(강좌개설),교양학과(강좌개설),공통," 07-322 전산교육실(공통):화(1,2,3)",,3,2,1,학기,,,절대평가,,○,"이론+실습(실험,실습,실기)",일반과목,일반강의,,,,일반영역,외국인,,,,,,(외국인학생만 수강)
163,0011361,컴퓨터를활용한한국어교육,02,교양선택,홍성웅,산학협력단,40,40,개설,오프라인,미리보기,,,교양대학(강좌개설),교양학과(강좌개설),교양학과(강좌개설),공통," 07-322 전산교육실(공통):목(1,2,3)",,3,2,1,학기,,,절대평가,,○,"이론+실습(실험,실습,실기)",일반과목,원어강좌,,,,일반영역,외국인,,,,,,"외국인대상 이중언어과정(3,4학년편입)"
164,0011362,문제해결을위한컴퓨팅사고,01,교양선택,이성현,교양학부,40,0,폐지,오프라인,미리보기,,,교양대학(강좌개설),교양학과(강좌개설),교양학과(강좌개설),공통," 42-104 코딩실습실2:월(8,9)",2024-08-28,2,1,1,학기,,,상대평가,상대기본(4080),○,"이론+실습(실험,실습,실기)",일반과목,일반강의,,,,제6영역:SW영역,공통,,,,,,
165,0011365,저작권과상표권,01,교양선택,조경철,산학협력단,100,47,개설,오프라인,미리보기,,,교양대학(강좌개설),교양학과(강좌개설),교양학과(강좌개설),공통," 13-302 첨단:화(5),수(5,6)",,3,3,0,학기,,,상대평가,상대기본(4080),○,이론,일반과목,일반강의,,,,일반영역,공통,,,,,,
166,0011366,발명과특허,01,교양선택,조경철,산학협력단,100,24,개설,오프라인,미리보기,,,교양대학(강좌개설),교양학과(강좌개설),교양학과(강좌개설),공통," 13-203 첨단:수(8,9), 13-301 첨단:화(7)",,3,3,0,학기,,,상대평가,상대기본(4080),○,이론,일반과목,일반강의,,,,일반영역,공통,,,,,,
167,0011367,입문프로그래밍언어,01,교양선택,김시정,교양학부,45,0,폐지,오프라인,미리보기,,,교양대학(강좌개설),교양학과(강좌개설),교양학과(강좌개설),공통," 42-103 코딩실습실1:목(3,4)",2024-09-03,2,1,1,학기,,,상대평가,상대기본(4080),○,"이론+실습(실험,실습,실기)",일반과목,일반강의,,,,제6영역:SW영역,공통,,,,,,(PBL교과목)
168,0011414,인간의삶과문학,01,교양선택,김선영,교양학부,100,0,폐지,오프라인,미리보기,,,교양대학(강좌개설),교양학과(강좌개설),교양학과(강좌개설),공통," 13-203 첨단:월(3),금(1,2)",2024-08-28,3,3,0,학기,,,상대평가,상대기본(4080),○,이론,일반과목,일반강의,,,,제1영역:문화와예술,공통,,,,,,
169,0011415,고전한문을통한미래치유,01,교양선택,김미선,국어교육과,100,0,폐지,오프라인,미리보기,,,교양대학(강좌개설),교양학과(강좌개설),교양학과(강좌개설),공통," 13-402 첨단:화(1,2)",2024-08-28,2,2,0,학기,,,상대평가,상대기본(4080),○,이론,일반과목,일반강의,,,,제2영역:역사와철학,공통,,,,,,
170,0011416,나만의스토리:퍼스널브랜딩,01,교양선택,최금진,교직과,40,0,폐지,오프라인,미리보기,,,교양대학(강좌개설),교양학과(강좌개설),교양학과(강좌개설),공통," 42-304 ALC강의실:화(7),목(8,9)",2024-09-03,3,3,0,학기,,,상대평가,상대기본(4080),○,이론,일반과목,일반강의,,,,제3영역:인간과사회,공통,,,,,,(PBL교과목)
171,0011417,인구교육의이론과실제,01,교양선택,김영식,호텔외식경영학과,100,96,개설,오프라인,미리보기,,,교양대학(강좌개설),교양학과(강좌개설),교양학과(강좌개설),공통," 13-202 첨단:화(5),목(8,9)",,3,3,0,학기,,,상대평가,상대기본(4080),○,이론,일반과목,일반강의,,,,제3영역:인간과사회,공통,,,,,,
172,0011418,배움의역사,01,교양선택,최금진,교직과,100,52,개설,오프라인,미리보기,,,교양대학(강좌개설),교양학과(강좌개설),교양학과(강좌개설),공통," 13-103 계단강의실:목(1,2)",,2,2,0,학기,,,상대평가,상대기본(4080),○,이론,일반과목,일반강의,,,,제3영역:인간과사회,공통,,,,,,
173,0011419,예술과글쓰기,01,교양선택,박인영,교양학부,40,40,개설,오프라인,미리보기,,,교양대학(강좌개설),교양학과(강좌개설),교양학과(강좌개설),공통," 09-411 첨단:금(3,4)",,2,2,0,학기,,,상대평가,상대기본(4080),○,이론,일반과목,일반강의,,,,제1영역:문화와예술,공통,,,,,,
174,0011420,사회과학글쓰기,01,교양선택,유호근,경찰행정학과,40,39,개설,오프라인,미리보기,,,교양대학(강좌개설),교양학과(강좌개설),교양학과(강좌개설),공통," 20-137 첨단:목(5,6)",,2,2,0,학기,,,상대평가,상대기본(4080),○,이론,일반과목,일반강의,,,,제3영역:인간과사회,공통,,,,,,
175,0011421,이공계를위한글쓰기,01,교양선택,염효영,교양학부,40,0,폐지,오프라인,미리보기,,,교양대학(강좌개설),교양학과(강좌개설),교양학과(강좌개설),공통," 09-307 첨단:목(8,9)",2024-08-28,2,1,1,학기,,,상대평가,상대기본(4080),○,"이론+실습(실험,실습,실기)",일반과목,일반강의,,,,제4영역:과학과기술,공통,,,,,,
176,0011423,금융자산관리의이해,01,교양선택,곽세영,경영학과,100,98,개설,오프라인,미리보기,,,교양대학(강좌개설),교양학과(강좌개설),교양학과(강좌개설),공통," 13-303 첨단:월(1,2,3)",,3,2,1,학기,,,상대평가,상대기본(4080),○,"이론+실습(실험,실습,실기)",일반과목,일반강의,,,,일반영역,공통,,,,,,
177,0011424,RC재활필라테스,01,교양선택,김민진,교양학부,20,19,개설,오프라인,미리보기,,,교양대학(강좌개설),교양학과(강좌개설),교양학과(강좌개설),공통," 08-420 실습실:월(11,12)",,2,1,1,학기,,○,절대평가,,○,"이론+실습(실험,실습,실기)",일반과목,일반강의,,,,일반영역,공통,,,,,,생활관 입실학생만 신청가능
178,0011425,RC자기계발과리더십,01,교양선택,최금진,교직과,30,29,개설,오프라인,미리보기,,,교양대학(강좌개설),교양학과(강좌개설),교양학과(강좌개설),공통," 43-011A:화(11,12)",,2,1,1,학기,,○,절대평가,,○,"이론+실습(실험,실습,실기)",일반과목,일반강의,,,,일반영역,공통,,,,,,생활관 입실학생만 신청가능
179,0011521,영화와사회,01,교양선택,박인영,교양학부,100,99,개설,오프라인,미리보기,,,교양대학(강좌개설),교양학과(강좌개설),교양학과(강좌개설),공통," 13-101 계단강의실:목(8,9)",,2,2,0,학기,,,상대평가,상대기본(4080),○,이론,일반과목,일반강의,,,,제1영역:문화와예술,공통,,,,,,
180,0011522,영화로읽는문학,01,교양선택,함은경,교양학부,100,99,개설,오프라인,미리보기,,,교양대학(강좌개설),교양학과(강좌개설),교양학과(강좌개설),공통," 13-201 첨단:금(3,4)",,2,2,0,학기,,,상대평가,상대기본(4080),○,이론,일반과목,일반강의,,,,제1영역:문화와예술,공통,,,,,,
181,0011524,시민교육과동서양문학의이해,01,교양선택,김선영,교양학부,100,26,개설,오프라인,미리보기,,,교양대학(강좌개설),교양학과(강좌개설),교양학과(강좌개설),공통," 13-201 첨단:화(5),목(3,4)",,3,3,0,학기,,,상대평가,상대기본(4080),○,이론,일반과목,일반강의,,,,제3영역:인간과사회,공통,,,,,,
182,0011525,현대매체철학의이해,01,교양선택,김성일,교양학부,100,86,개설,온오프병행,미리보기,,다운로드,교양대학(강좌개설),교양학과(강좌개설),교양학과(강좌개설),공통," 09-312 HyFlex강의실:월(3,4)",,2,2,0,학기,,,상대평가,상대기본(4080),○,이론,HyFlex강좌,일반강의,,,,제3영역:인간과사회,공통,,,,,,HyFlex강의실활용강좌(09동 312호)
183,0011526,금융과공학의만남,01,교양선택,고석빈,무역학과,100,36,개설,오프라인,미리보기,,,교양대학(강좌개설),교양학과(강좌개설),교양학과(강좌개설),공통," 13-302 첨단:월(8,9)",,2,2,0,학기,,,상대평가,상대기본(4080),○,이론,일반과목,일반강의,,,,제4영역:과학과기술,공통,,,,,,
184,0011527,인문사회학생을위한통계학,01,교양선택,고석빈,무역학과,100,0,폐지,오프라인,미리보기,,,교양대학(강좌개설),교양학과(강좌개설),교양학과(강좌개설),공통," 13-101 계단강의실:금(1,2)",2024-08-28,2,2,0,학기,,,상대평가,상대기본(4080),○,이론,일반과목,일반강의,,,,제4영역:과학과기술,공통,,,,,,
185,0011528,비주얼감성코딩,01,교양선택,김시정,교양학부,40,0,폐지,오프라인,미리보기,,,교양대학(강좌개설),교양학과(강좌개설),교양학과(강좌개설),공통," 42-103 코딩실습실1:월(8,9)",2024-08-28,2,1,1,학기,,,상대평가,상대기본(4080),○,"이론+실습(실험,실습,실기)",일반과목,일반강의,,,,제6영역:SW영역,공통,,,,,,
186,0011529,인공지능을위한코딩,01,교양선택,이성현,교양학부,40,36,개설,오프라인,미리보기,,,교양대학(강좌개설),교양학과(강좌개설),교양학과(강좌개설),공통," 42-107C:목(8,9)",,2,1,1,학기,,,상대평가,상대기본(4080),○,"이론+실습(실험,실습,실기)",일반과목,일반강의,,,,제6영역:SW영역,공통,,,,,,
187,0011530,"청주학Ⅱ［학이시습,인물을만나다Ⅱ］",01,교양선택,황경수,국어교육과,150,150,개설,오프라인,미리보기,,,교양대학(강좌개설),교양학과(강좌개설),교양학과(강좌개설),공통," 13-403 첨단:목(8,9)",,2,2,0,학기,,○,절대평가,,,이론,일반과목,일반강의,,,,일반영역,공통,,,,,,
188,0011534,글로컬비즈니스영어,01,교양선택,김미진,교양학부,50,0,폐지,오프라인,미리보기,,,교양대학(강좌개설),교양학과(강좌개설),교양학과(강좌개설),공통," 09-307 첨단:월(3,4)",2024-08-28,2,2,0,학기,,,상대평가,상대기본(4080),○,이론,일반과목,일반강의,,,,일반영역,공통,,,,,,
189,0011536,TED ED로배우는영어토론,01,교양선택,캐시하인즈,교양학부,40,0,폐지,오프라인,미리보기,,,교양대학(강좌개설),교양학과(강좌개설),교양학과(강좌개설),공통," 20-229 첨단:수(4,5)",2024-08-28,2,2,0,학기,,,상대평가,상대기본(4080),○,이론,일반과목,일반강의,,,,일반영역,공통,,,,,,
190,0011537,영화로이해하는중국,01,교양선택,이시찬,교양학부,100,100,개설,오프라인,미리보기,,,교양대학(강좌개설),교양학과(강좌개설),교양학과(강좌개설),공통," 13-301 첨단:수(5,6)",,2,2,0,학기,,,상대평가,상대기본(4080),○,이론,일반과목,일반강의,,,,제1영역:문화와예술,공통,,,,,,
191,0011538,비즈니스매너와글로벌에티켓,01,교양선택,김영식,호텔외식경영학과,100,99,개설,오프라인,미리보기,,,교양대학(강좌개설),교양학과(강좌개설),교양학과(강좌개설),공통," 13-301 첨단:월(3,4)",,2,2,0,학기,,,상대평가,상대기본(4080),○,이론,일반과목,일반강의,,,,일반영역,공통,,,,,,
192,0011540,글로벌공동체론,01,교양선택,심은진,영화영상학과,40,28,개설,온오프병행,미리보기,,,교양대학(강좌개설),교양학과(강좌개설),교양학과(강좌개설),공통," 42-204 HyFlex강의실:화(6,7)",,2,2,0,학기,,,상대평가,상대기본(4080),○,이론,HyFlex강좌,일반강의,,,,제3영역:인간과사회,공통,,,,,,HyFlex강의실활용강좌
193,0011630,뉴스리터러시와비판적사고,01,교양선택,김경화,국어교육과,100,0,폐지,온오프병행,미리보기,,,교양대학(강좌개설),교양학과(강좌개설),교양학과(강좌개설),공통," 13-203 첨단:목(6), 13-401 첨단:수(3,4)",2024-09-03,3,3,0,학기,,,상대평가,상대기본(4080),○,이론,HyFlex강좌,일반강의,,,,제3영역:인간과사회,공통,,,,,,HyFlex강의실활용강좌(42동 204호)
194,0011749,논리적글쓰기,01,교양선택,황경수,국어교육과,50,44,개설,오프라인,미리보기,,,교양대학(강좌개설),교양학과(강좌개설),교양학과(강좌개설),1학년," 09-307 첨단:월(1,2)",,2,1,1,학기,,,상대평가,상대기본(4080),○,"이론+실습(실험,실습,실기)",일반과목,일반강의,,○,,선택필수,공통,,,,,"경영학과(1학년), 회계학과(1학년), 경제통상학과(1학년)",
195,0011749,논리적글쓰기,02,교양선택,김보은,교양학부,50,50,개설,오프라인,미리보기,,,교양대학(강좌개설),교양학과(강좌개설),교양학과(강좌개설),1학년," 09-211 첨단:월(1,2)",,2,1,1,학기,,,상대평가,상대기본(4080),○,"이론+실습(실험,실습,실기)",일반과목,일반강의,,○,,선택필수,공통,,,,,"경영학과(1학년), 회계학과(1학년), 경제통상학과(1학년)",
196,0011749,논리적글쓰기,03,교양선택,황경수,국어교육과,50,41,개설,오프라인,미리보기,,,교양대학(강좌개설),교양학과(강좌개설),교양학과(강좌개설),1학년," 09-411 첨단:금(1,2)",,2,1,1,학기,,,상대평가,상대기본(4080),○,"이론+실습(실험,실습,실기)",일반과목,일반강의,,○,,선택필수,공통,,,,,"무역학과(1학년), 관광경영학과(1학년), 호텔외식경영학과(1학년), 건축공학과(1학년)",
197,0011749,논리적글쓰기,04,교양선택,황경수,국어교육과,50,32,개설,오프라인,미리보기,,,교양대학(강좌개설),교양학과(강좌개설),교양학과(강좌개설),1학년," 09-307 첨단:목(1,2)",,2,1,1,학기,,,상대평가,상대기본(4080),○,"이론+실습(실험,실습,실기)",일반과목,일반강의,,○,,선택필수,공통,,,,,"신문방송학과(1학년), 광고홍보학과(1학년)",
198,0011749,논리적글쓰기,05,교양선택,황경수,국어교육과,50,50,개설,오프라인,미리보기,,,교양대학(강좌개설),교양학과(강좌개설),교양학과(강좌개설),1학년," 09-310 첨단:금(5,6)",,2,1,1,학기,,,상대평가,상대기본(4080),○,"이론+실습(실험,실습,실기)",일반과목,일반강의,,○,,선택필수,공통,,,,,"건축공학과(1학년), 건축학과(1학년)",
199,0011749,논리적글쓰기,06,교양선택,김보은,교양학부,50,49,개설,오프라인,미리보기,,,교양대학(강좌개설),교양학과(강좌개설),교양학과(강좌개설),1학년," 09-211 첨단:월(3,4)",,2,1,1,학기,,,상대평가,상대기본(4080),○,"이론+실습(실험,실습,실기)",일반과목,일반강의,,○,,선택필수,공통,,,,,"지적학과(1학년), 사회복지학과(1학년), 문헌정보학과(1학년), 영어영문학과(1학년)",
200,0011749,논리적글쓰기,07,교양선택,김상태,국어교육과,50,23,개설,오프라인,미리보기,,,교양대학(강좌개설),교양학과(강좌개설),교양학과(강좌개설),1학년," 09-402 첨단:수(5,6)",,2,1,1,학기,,,상대평가,상대기본(4080),○,"이론+실습(실험,실습,실기)",일반과목,일반강의,,○,,선택필수,공통,,,,,"응용화학과(1학년), 에너지융합공학과(1학년), 데이터사이언스학과(1학년), 인공지능소프트웨어학과(1학년)",
201,0011749,논리적글쓰기,08,교양선택,황경수,국어교육과,50,50,개설,오프라인,미리보기,,,교양대학(강좌개설),교양학과(강좌개설),교양학과(강좌개설),1학년," 08-207 강의실:수(5,6)",,2,1,1,학기,,,상대평가,상대기본(4080),○,"이론+실습(실험,실습,실기)",일반과목,일반강의,,○,,선택필수,공통,,,,,"응용화학과(1학년), 에너지융합공학과(1학년), 데이터사이언스학과(1학년), 인공지능소프트웨어학과(1학년)",
202,0011749,논리적글쓰기,09,교양선택,임옥규,교양학부,50,49,개설,오프라인,미리보기,,,교양대학(강좌개설),교양학과(강좌개설),교양학과(강좌개설),1학년," 08-207 강의실:목(3,4)",,2,1,1,학기,,,상대평가,상대기본(4080),○,"이론+실습(실험,실습,실기)",일반과목,일반강의,,○,,선택필수,공통,,,,,"디지털보안학과(1학년), 토목공학과(1학년), 환경공학과(1학년), 조경도시학과(1학년)",
203,0011749,논리적글쓰기,10,교양선택,임옥규,교양학부,50,50,개설,오프라인,미리보기,,,교양대학(강좌개설),교양학과(강좌개설),교양학과(강좌개설),1학년," 09-411 첨단:월(5,6)",,2,1,1,학기,,,상대평가,상대기본(4080),○,"이론+실습(실험,실습,실기)",일반과목,일반강의,,○,,선택필수,공통,,,,,"법학과(1학년), 경찰행정학과(1학년)",
204,0011749,논리적글쓰기,11,교양선택,임옥규,교양학부,50,50,개설,오프라인,미리보기,,,교양대학(강좌개설),교양학과(강좌개설),교양학과(강좌개설),1학년," 09-310 첨단:목(6,7)",,2,1,1,학기,,,상대평가,상대기본(4080),○,"이론+실습(실험,실습,실기)",일반과목,일반강의,,○,,선택필수,공통,,,,,"전자공학과(1학년), 시스템반도체공학과(1학년), 전기제어공학과(1학년)",
205,0011749,논리적글쓰기,12,교양선택,김미선,교양학부,50,46,개설,오프라인,미리보기,,,교양대학(강좌개설),교양학과(강좌개설),교양학과(강좌개설),1학년," 09-211 첨단:화(1,2)",,2,1,1,학기,,,상대평가,상대기본(4080),○,"이론+실습(실험,실습,실기)",일반과목,일반강의,,○,,선택필수,공통,,,,,"국어교육과(1학년), 수학교육과(1학년), 항공운항학과(1학년), 항공기계공학과(1학년)",
206,0011749,논리적글쓰기,13,교양선택,김미선,교양학부,50,49,개설,오프라인,미리보기,,,교양대학(강좌개설),교양학과(강좌개설),교양학과(강좌개설),1학년," 09-307 첨단:화(3,4)",,2,1,1,학기,,,상대평가,상대기본(4080),○,"이론+실습(실험,실습,실기)",일반과목,일반강의,,○,,선택필수,공통,,,,,"산업디자인학과(1학년), 시각디자인학과(1학년), 공예디자인학과(1학년), 만화애니메이션학과(1학년), 영화영상학과(1학년), 아트앤패션디자인학과(1학년)",
207,0011749,논리적글쓰기,14,교양선택,임옥규,교양학부,50,50,개설,오프라인,미리보기,,,교양대학(강좌개설),교양학과(강좌개설),교양학과(강좌개설),1학년," 09-211 첨단:화(3,4)",,2,1,1,학기,,,상대평가,상대기본(4080),○,"이론+실습(실험,실습,실기)",일반과목,일반강의,,○,,선택필수,공통,,,,,"산업디자인학과(1학년), 시각디자인학과(1학년), 공예디자인학과(1학년), 만화애니메이션학과(1학년), 영화영상학과(1학년), 아트앤패션디자인학과(1학년)",
208,0011749,논리적글쓰기,15,교양선택,김상태,국어교육과,50,49,개설,오프라인,미리보기,,,교양대학(강좌개설),교양학과(강좌개설),교양학과(강좌개설),1학년," 26-412 강의실:수(8,9)",,2,1,1,학기,,,상대평가,상대기본(4080),○,"이론+실습(실험,실습,실기)",일반과목,일반강의,,○,,선택필수,공통,,,,,"연극학과(1학년), 생활체육학과(1학년), 디지털미디어디자인학과(1학년)",
209,0011749,논리적글쓰기,16,교양선택,황경수,국어교육과,50,48,개설,오프라인,미리보기,,,교양대학(강좌개설),교양학과(강좌개설),교양학과(강좌개설),1학년," 09-310 첨단:수(1,2)",,2,1,1,학기,,,상대평가,상대기본(4080),○,"이론+실습(실험,실습,실기)",일반과목,일반강의,,○,,선택필수,공통,,,,,"간호학과(1학년), 치위생학과(1학년)",
210,0011749,논리적글쓰기,17,교양선택,김보은,교양학부,50,50,개설,오프라인,미리보기,,,교양대학(강좌개설),교양학과(강좌개설),교양학과(강좌개설),1학년," 09-308 첨단:월(8,9)",,2,1,1,학기,,,상대평가,상대기본(4080),○,"이론+실습(실험,실습,실기)",일반과목,일반강의,,○,,선택필수,공통,,,,,"방사선학과(1학년), 물리치료학과(1학년), 작업치료학과(1학년), 임상병리학과(1학년), 스포츠재활학과(1학년), 의료경영학과(1학년)",
211,0011749,논리적글쓰기,18,교양선택,김상태,국어교육과,50,49,개설,오프라인,미리보기,,,교양대학(강좌개설),교양학과(강좌개설),교양학과(강좌개설),1학년," 09-316 첨단:월(8,9)",,2,1,1,학기,,,상대평가,상대기본(4080),○,"이론+실습(실험,실습,실기)",일반과목,일반강의,,○,,선택필수,공통,,,,,"방사선학과(1학년), 물리치료학과(1학년), 작업치료학과(1학년), 임상병리학과(1학년), 스포츠재활학과(1학년), 의료경영학과(1학년)",
212,0011749,논리적글쓰기,19,교양선택,김상태,국어교육과,50,50,개설,오프라인,미리보기,,,교양대학(강좌개설),교양학과(강좌개설),교양학과(강좌개설),1학년," 09-212 첨단:화(6,7)",,2,1,1,학기,,,상대평가,상대기본(4080),○,"이론+실습(실험,실습,실기)",일반과목,일반강의,,○,,선택필수,공통,,,,,"제약공학과(1학년), 바이오의약학과(1학년), 동물보건복지학과(1학년)",
213,0011749,논리적글쓰기,20,교양선택,임옥규,교양학부,50,48,개설,오프라인,미리보기,,,교양대학(강좌개설),교양학과(강좌개설),교양학과(강좌개설),1학년," 09-310 첨단:목(8,9)",,2,1,1,학기,,,상대평가,상대기본(4080),○,"이론+실습(실험,실습,실기)",일반과목,일반강의,,○,,선택필수,공통,,,,,"항공서비스학과(1학년), 무인항공기학과(1학년), 군사학과(1학년)",
214,0011750,비판적읽기와토론,01,교양선택,신윤희,국어교육과,50,32,개설,오프라인,미리보기,,,교양대학(강좌개설),교양학과(강좌개설),교양학과(강좌개설),1학년," 09-402 첨단:월(1,2)",,2,1,1,학기,,,상대평가,상대기본(4080),○,"이론+실습(실험,실습,실기)",일반과목,일반강의,,○,,선택필수,공통,,,,,"경영학과(1학년), 회계학과(1학년), 경제통상학과(1학년)",
215,0011750,비판적읽기와토론,02,교양선택,임옥규,교양학부,50,34,개설,오프라인,미리보기,,,교양대학(강좌개설),교양학과(강좌개설),교양학과(강좌개설),1학년," 09-310 첨단:금(1,2)",,2,1,1,학기,,,상대평가,상대기본(4080),○,"이론+실습(실험,실습,실기)",일반과목,일반강의,,○,,선택필수,공통,,,,,"무역학과(1학년), 관광경영학과(1학년), 호텔외식경영학과(1학년)",
216,0011750,비판적읽기와토론,03,교양선택,소인호,교양학부,50,47,개설,오프라인,미리보기,,,교양대학(강좌개설),교양학과(강좌개설),교양학과(강좌개설),1학년," 09-308 첨단:목(1,2)",,2,1,1,학기,,,상대평가,상대기본(4080),○,"이론+실습(실험,실습,실기)",일반과목,일반강의,,○,,선택필수,공통,,,,,"신문방송학과(1학년), 광고홍보학과(1학년)",
217,0011750,비판적읽기와토론,04,교양선택,노병춘,교양학부,50,46,개설,오프라인,미리보기,,다운로드,교양대학(강좌개설),교양학과(강좌개설),교양학과(강좌개설),1학년," 09-213 첨단:목(1,2)",,2,1,1,학기,,,상대평가,상대기본(4080),○,"이론+실습(실험,실습,실기)",일반과목,일반강의,,○,,선택필수,공통,,,,,"신문방송학과(1학년), 광고홍보학과(1학년)",(PBL교과목)
218,0011750,비판적읽기와토론,05,교양선택,김경화,국어교육과,50,34,개설,오프라인,미리보기,,,교양대학(강좌개설),교양학과(강좌개설),교양학과(강좌개설),1학년," 09-411 첨단:금(5,6)",,2,1,1,학기,,,상대평가,상대기본(4080),○,"이론+실습(실험,실습,실기)",일반과목,일반강의,,○,,선택필수,공통,,,,,"건축공학과(1학년), 건축학과(1학년)",
219,0011750,비판적읽기와토론,06,교양선택,소인호,교양학부,50,46,개설,오프라인,미리보기,,,교양대학(강좌개설),교양학과(강좌개설),교양학과(강좌개설),1학년," 09-308 첨단:월(3,4)",,2,1,1,학기,,,상대평가,상대기본(4080),○,"이론+실습(실험,실습,실기)",일반과목,일반강의,,○,,선택필수,공통,,,,,"지적학과(1학년), 사회복지학과(1학년), 문헌정보학과(1학년), 영어영문학과(1학년)",
220,0011750,비판적읽기와토론,07,교양선택,소인호,교양학부,50,21,개설,오프라인,미리보기,,,교양대학(강좌개설),교양학과(강좌개설),교양학과(강좌개설),1학년," 09-307 첨단:수(5,6)",,2,1,1,학기,,,상대평가,상대기본(4080),○,"이론+실습(실험,실습,실기)",일반과목,일반강의,,○,,선택필수,공통,,,,,"응용화학과(1학년), 에너지융합공학과(1학년), 데이터사이언스학과(1학년), 인공지능소프트웨어학과(1학년)",
221,0011750,비판적읽기와토론,08,교양선택,노병춘,교양학부,50,49,개설,오프라인,미리보기,,,교양대학(강좌개설),교양학과(강좌개설),교양학과(강좌개설),1학년," 09-213 첨단:목(3,4)",,2,1,1,학기,,,상대평가,상대기본(4080),○,"이론+실습(실험,실습,실기)",일반과목,일반강의,,○,,선택필수,공통,,,,,"디지털보안학과(1학년), 토목공학과(1학년), 환경공학과(1학년), 조경도시학과(1학년)",
222,0011750,비판적읽기와토론,09,교양선택,황경수,국어교육과,50,28,개설,오프라인,미리보기,,,교양대학(강좌개설),교양학과(강좌개설),교양학과(강좌개설),1학년," 09-307 첨단:월(5,6)",,2,1,1,학기,,,상대평가,상대기본(4080),○,"이론+실습(실험,실습,실기)",일반과목,일반강의,,○,,선택필수,공통,,,,,"법학과(1학년), 경찰행정학과(1학년)",
223,0011750,비판적읽기와토론,10,교양선택,소인호,교양학부,50,37,개설,오프라인,미리보기,,,교양대학(강좌개설),교양학과(강좌개설),교양학과(강좌개설),1학년," 09-308 첨단:목(6,7)",,2,1,1,학기,,,상대평가,상대기본(4080),○,"이론+실습(실험,실습,실기)",일반과목,일반강의,,○,,선택필수,공통,,,,,"전자공학과(1학년), 시스템반도체공학과(1학년), 전기제어공학과(1학년)",
224,0011750,비판적읽기와토론,11,교양선택,김경화,국어교육과,50,40,개설,오프라인,미리보기,,,교양대학(강좌개설),교양학과(강좌개설),교양학과(강좌개설),1학년," 09-411 첨단:화(1,2)",,2,1,1,학기,,,상대평가,상대기본(4080),○,"이론+실습(실험,실습,실기)",일반과목,일반강의,,○,,선택필수,공통,,,,,"국어교육과(1학년), 수학교육과(1학년), 항공운항학과(1학년), 항공기계공학과(1학년)",
225,0011750,비판적읽기와토론,12,교양선택,노병춘,교양학부,50,50,개설,오프라인,미리보기,,,교양대학(강좌개설),교양학과(강좌개설),교양학과(강좌개설),1학년," 09-213 첨단:화(3,4)",,2,1,1,학기,,,상대평가,상대기본(4080),○,"이론+실습(실험,실습,실기)",일반과목,일반강의,,○,,선택필수,공통,,,,,"산업디자인학과(1학년), 시각디자인학과(1학년), 공예디자인학과(1학년), 만화애니메이션학과(1학년), 영화영상학과(1학년), 아트앤패션디자인학과(1학년)",
226,0011750,비판적읽기와토론,13,교양선택,신윤희,국어교육과,50,50,개설,오프라인,미리보기,,,교양대학(강좌개설),교양학과(강좌개설),교양학과(강좌개설),1학년," 09-402 첨단:화(3,4)",,2,1,1,학기,,,상대평가,상대기본(4080),○,"이론+실습(실험,실습,실기)",일반과목,일반강의,,○,,선택필수,공통,,,,,"산업디자인학과(1학년), 시각디자인학과(1학년), 공예디자인학과(1학년), 만화애니메이션학과(1학년), 영화영상학과(1학년), 아트앤패션디자인학과(1학년)",
227,0011750,비판적읽기와토론,14,교양선택,신윤희,국어교육과,50,28,개설,오프라인,미리보기,,,교양대학(강좌개설),교양학과(강좌개설),교양학과(강좌개설),1학년," 09-212 첨단:수(8,9)",,2,1,1,학기,,,상대평가,상대기본(4080),○,"이론+실습(실험,실습,실기)",일반과목,일반강의,,○,,선택필수,공통,,,,,"연극학과(1학년), 생활체육학과(1학년), 디지털미디어디자인학과(1학년)",
228,0011750,비판적읽기와토론,15,교양선택,소인호,교양학부,50,47,개설,오프라인,미리보기,,,교양대학(강좌개설),교양학과(강좌개설),교양학과(강좌개설),1학년," 09-308 첨단:수(1,2)",,2,1,1,학기,,,상대평가,상대기본(4080),○,"이론+실습(실험,실습,실기)",일반과목,일반강의,,○,,선택필수,공통,,,,,"간호학과(1학년), 치위생학과(1학년)",
229,0011750,비판적읽기와토론,16,교양선택,임옥규,교양학부,50,50,개설,오프라인,미리보기,,,교양대학(강좌개설),교양학과(강좌개설),교양학과(강좌개설),1학년," 09-411 첨단:월(8,9)",,2,1,1,학기,,,상대평가,상대기본(4080),○,"이론+실습(실험,실습,실기)",일반과목,일반강의,,○,,선택필수,공통,,,,,"방사선학과(1학년), 물리치료학과(1학년), 작업치료학과(1학년), 임상병리학과(1학년), 스포츠재활학과(1학년), 의료경영학과(1학년)",
230,0011750,비판적읽기와토론,17,교양선택,신윤희,국어교육과,50,24,개설,오프라인,미리보기,,,교양대학(강좌개설),교양학과(강좌개설),교양학과(강좌개설),1학년," 08-207 강의실:월(8,9)",,2,1,1,학기,,,상대평가,상대기본(4080),○,"이론+실습(실험,실습,실기)",일반과목,일반강의,,○,,선택필수,공통,,,,,"방사선학과(1학년), 물리치료학과(1학년), 작업치료학과(1학년), 임상병리학과(1학년), 스포츠재활학과(1학년), 의료경영학과(1학년)",
231,0011750,비판적읽기와토론,18,교양선택,소인호,교양학부,50,48,개설,오프라인,미리보기,,,교양대학(강좌개설),교양학과(강좌개설),교양학과(강좌개설),1학년," 09-307 첨단:화(6,7)",,2,1,1,학기,,,상대평가,상대기본(4080),○,"이론+실습(실험,실습,실기)",일반과목,일반강의,,○,,선택필수,공통,,,,,"제약공학과(1학년), 바이오의약학과(1학년), 동물보건복지학과(1학년)",
232,0011750,비판적읽기와토론,19,교양선택,노병춘,교양학부,50,49,개설,오프라인,미리보기,,,교양대학(강좌개설),교양학과(강좌개설),교양학과(강좌개설),1학년," 09-308 첨단:목(8,9)",,2,1,1,학기,,,상대평가,상대기본(4080),○,"이론+실습(실험,실습,실기)",일반과목,일반강의,,○,,선택필수,공통,,,,,"항공서비스학과(1학년), 무인항공기학과(1학년), 군사학과(1학년)",
233,0011751,창의적말하기,01,교양선택,안상희,교양학부,50,47,개설,오프라인,미리보기,,,교양대학(강좌개설),교양학과(강좌개설),교양학과(강좌개설),1학년," 09-308 첨단:월(1,2)",,2,1,1,학기,,,상대평가,상대기본(4080),○,"이론+실습(실험,실습,실기)",일반과목,일반강의,,○,,선택필수,공통,,,,,"경영학과(1학년), 회계학과(1학년), 경제통상학과(1학년)",
234,0011751,창의적말하기,02,교양선택,이수진,교양학부,50,39,개설,오프라인,미리보기,,,교양대학(강좌개설),교양학과(강좌개설),교양학과(강좌개설),1학년," 09-213 첨단:금(1,2)",,2,1,1,학기,,,상대평가,상대기본(4080),○,"이론+실습(실험,실습,실기)",일반과목,일반강의,,○,,선택필수,공통,,,,,"무역학과(1학년), 관광경영학과(1학년), 호텔외식경영학과(1학년)",
235,0011751,창의적말하기,03,교양선택,이수진,교양학부,50,49,개설,오프라인,미리보기,,,교양대학(강좌개설),교양학과(강좌개설),교양학과(강좌개설),1학년," 09-310 첨단:목(1,2)",,2,1,1,학기,,,상대평가,상대기본(4080),○,"이론+실습(실험,실습,실기)",일반과목,일반강의,,○,,선택필수,공통,,,,,"신문방송학과(1학년), 광고홍보학과(1학년)",
236,0011751,창의적말하기,04,교양선택,안상희,교양학부,50,47,개설,오프라인,미리보기,,,교양대학(강좌개설),교양학과(강좌개설),교양학과(강좌개설),1학년," 09-212 첨단:월(3,4)",,2,1,1,학기,,,상대평가,상대기본(4080),○,"이론+실습(실험,실습,실기)",일반과목,일반강의,,○,,선택필수,공통,,,,,"지적학과(1학년), 사회복지학과(1학년), 문헌정보학과(1학년), 영어영문학과(1학년)",
237,0011751,창의적말하기,05,교양선택,이수진,교양학부,50,48,개설,오프라인,미리보기,,,교양대학(강좌개설),교양학과(강좌개설),교양학과(강좌개설),1학년," 09-310 첨단:월(3,4)",,2,1,1,학기,,,상대평가,상대기본(4080),○,"이론+실습(실험,실습,실기)",일반과목,일반강의,,○,,선택필수,공통,,,,,"경찰행정학과(1학년), 지적학과(1학년), 사회복지학과(1학년), 문헌정보학과(1학년), 영어영문학과(1학년)",
238,0011751,창의적말하기,06,교양선택,이수진,교양학부,50,48,개설,오프라인,미리보기,,,교양대학(강좌개설),교양학과(강좌개설),교양학과(강좌개설),1학년," 09-310 첨단:수(5,6)",,2,1,1,학기,,,상대평가,상대기본(4080),○,"이론+실습(실험,실습,실기)",일반과목,일반강의,,○,,선택필수,공통,,,,,"응용화학과(1학년), 에너지융합공학과(1학년), 데이터사이언스학과(1학년), 인공지능소프트웨어학과(1학년)",
239,0011751,창의적말하기,07,교양선택,김경화,국어교육과,50,36,개설,오프라인,미리보기,,,교양대학(강좌개설),교양학과(강좌개설),교양학과(강좌개설),1학년," 09-411 첨단:목(3,4)",,2,1,1,학기,,,상대평가,상대기본(4080),○,"이론+실습(실험,실습,실기)",일반과목,일반강의,,○,,선택필수,공통,,,,,"디지털보안학과(1학년), 토목공학과(1학년), 환경공학과(1학년), 조경도시학과(1학년)",
240,0011751,창의적말하기,08,교양선택,이수진,교양학부,50,50,개설,오프라인,미리보기,,,교양대학(강좌개설),교양학과(강좌개설),교양학과(강좌개설),1학년," 09-213 첨단:목(6,7)",,2,1,1,학기,,,상대평가,상대기본(4080),○,"이론+실습(실험,실습,실기)",일반과목,일반강의,,○,,선택필수,공통,,,,,"전자공학과(1학년), 시스템반도체공학과(1학년), 전기제어공학과(1학년)",
241,0011751,창의적말하기,09,교양선택,정진수,교양학부,50,50,개설,오프라인,미리보기,,,교양대학(강좌개설),교양학과(강좌개설),교양학과(강좌개설),1학년," 09-310 첨단:화(1,2)",,2,1,1,학기,,,상대평가,상대기본(4080),○,"이론+실습(실험,실습,실기)",일반과목,일반강의,,○,,선택필수,공통,,,,,"국어교육과(1학년), 수학교육과(1학년), 항공운항학과(1학년), 항공기계공학과(1학년)",
242,0011751,창의적말하기,10,교양선택,정진수,교양학부,50,48,개설,오프라인,미리보기,,,교양대학(강좌개설),교양학과(강좌개설),교양학과(강좌개설),1학년," 09-310 첨단:화(3,4)",,2,1,1,학기,,,상대평가,상대기본(4080),○,"이론+실습(실험,실습,실기)",일반과목,일반강의,,○,,선택필수,공통,,,,,"산업디자인학과(1학년), 시각디자인학과(1학년), 공예디자인학과(1학년), 만화애니메이션학과(1학년), 영화영상학과(1학년), 아트앤패션디자인학과(1학년)",
243,0011751,창의적말하기,11,교양선택,김경화,국어교육과,50,20,개설,오프라인,미리보기,,,교양대학(강좌개설),교양학과(강좌개설),교양학과(강좌개설),1학년," 09-411 첨단:화(3,4)",,2,1,1,학기,,,상대평가,상대기본(4080),○,"이론+실습(실험,실습,실기)",일반과목,일반강의,,○,,선택필수,공통,,,,,"산업디자인학과(1학년), 시각디자인학과(1학년), 공예디자인학과(1학년), 만화애니메이션학과(1학년), 영화영상학과(1학년), 아트앤패션디자인학과(1학년)",
244,0011751,창의적말하기,12,교양선택,이수진,교양학부,50,49,개설,오프라인,미리보기,,,교양대학(강좌개설),교양학과(강좌개설),교양학과(강좌개설),1학년," 09-310 첨단:수(8,9)",,2,1,1,학기,,,상대평가,상대기본(4080),○,"이론+실습(실험,실습,실기)",일반과목,일반강의,,○,,선택필수,공통,,,,,"연극학과(1학년), 생활체육학과(1학년), 디지털미디어디자인학과(1학년)",
245,0011751,창의적말하기,13,교양선택,이수진,교양학부,50,50,개설,오프라인,미리보기,,,교양대학(강좌개설),교양학과(강좌개설),교양학과(강좌개설),1학년," 08-207 강의실:수(1,2)",,2,1,1,학기,,,상대평가,상대기본(4080),○,"이론+실습(실험,실습,실기)",일반과목,일반강의,,○,,선택필수,공통,,,,,"간호학과(1학년), 치위생학과(1학년)",
246,0011751,창의적말하기,14,교양선택,안상희,교양학부,50,49,개설,오프라인,미리보기,,,교양대학(강좌개설),교양학과(강좌개설),교양학과(강좌개설),1학년," 09-212 첨단:월(8,9)",,2,1,1,학기,,,상대평가,상대기본(4080),○,"이론+실습(실험,실습,실기)",일반과목,일반강의,,○,,선택필수,공통,,,,,"방사선학과(1학년), 물리치료학과(1학년), 작업치료학과(1학년), 임상병리학과(1학년), 스포츠재활학과(1학년), 의료경영학과(1학년)",
247,0011751,창의적말하기,15,교양선택,김경화,국어교육과,50,50,개설,오프라인,미리보기,,,교양대학(강좌개설),교양학과(강좌개설),교양학과(강좌개설),1학년," 08-207 강의실:화(6,7)",,2,1,1,학기,,,상대평가,상대기본(4080),○,"이론+실습(실험,실습,실기)",일반과목,일반강의,,○,,선택필수,공통,,,,,"제약공학과(1학년), 바이오의약학과(1학년), 동물보건복지학과(1학년)",
248,0011751,창의적말하기,16,교양선택,김경화,국어교육과,50,36,개설,오프라인,미리보기,,,교양대학(강좌개설),교양학과(강좌개설),교양학과(강좌개설),1학년," 09-411 첨단:목(8,9)",,2,1,1,학기,,,상대평가,상대기본(4080),○,"이론+실습(실험,실습,실기)",일반과목,일반강의,,○,,선택필수,공통,,,,,"항공서비스학과(1학년), 무인항공기학과(1학년), 군사학과(1학년)",
249,0011753,한국대중문화의이해,01,교양선택,신지석,영화영상학과,50,50,개설,오프라인,미리보기,,,교양대학(강좌개설),교양학과(강좌개설),교양학과(강좌개설),공통," 26-005 실습실:월(1,2)",,2,0,2,학기,,,절대평가,,○,"실습(실험,실습,실기)",일반과목,원어강좌,,,,제1영역:문화와예술,외국인,,,,,,"외국인대상 이중언어과정(3,4학년편입)"
250,0011753,한국대중문화의이해,02,교양선택,신지석,영화영상학과,50,50,개설,오프라인,미리보기,,,교양대학(강좌개설),교양학과(강좌개설),교양학과(강좌개설),공통," 08-207 강의실:목(8,9)",,2,0,2,학기,,,절대평가,,○,"실습(실험,실습,실기)",일반과목,원어강좌,,,,제1영역:문화와예술,외국인,,,,,,"외국인대상 이중언어과정(3,4학년편입)"
251,0011753,한국대중문화의이해,03,교양선택,조홍매,교양학부,50,50,개설,오프라인,미리보기,,,교양대학(강좌개설),교양학과(강좌개설),교양학과(강좌개설),공통," 42-211 LAB-9:42-2 첨단:월(5,6)",,2,0,2,학기,,,절대평가,,○,"실습(실험,실습,실기)",일반과목,원어강좌,,,,제1영역:문화와예술,외국인,,,,,,"외국인대상 이중언어과정(3,4학년편입)"
252,0011753,한국대중문화의이해,04,교양선택,조홍매,교양학부,50,50,개설,오프라인,미리보기,,,교양대학(강좌개설),교양학과(강좌개설),교양학과(강좌개설),공통," 42-205 LAB-4:42-205 첨단:월(8,9)",,2,0,2,학기,,,절대평가,,○,"실습(실험,실습,실기)",일반과목,원어강좌,,,,제1영역:문화와예술,외국인,,,,,,"외국인대상 이중언어과정(3,4학년편입)"
253,0011753,한국대중문화의이해,05,교양선택,신지석,영화영상학과,50,50,개설,오프라인,미리보기,,,교양대학(강좌개설),교양학과(강좌개설),교양학과(강좌개설),공통," 08-207 강의실:목(5,6)",,2,0,2,학기,,,절대평가,,○,"실습(실험,실습,실기)",일반과목,원어강좌,,,,제1영역:문화와예술,외국인,,,,,,"외국인대상 이중언어과정(3,4학년편입)"
254,0011753,한국대중문화의이해,06,교양선택,신지석,영화영상학과,50,50,개설,오프라인,미리보기,,,교양대학(강좌개설),교양학과(강좌개설),교양학과(강좌개설),공통," 08-207 강의실:금(5,6)",,2,0,2,학기,,,절대평가,,○,"실습(실험,실습,실기)",일반과목,원어강좌,,,,제1영역:문화와예술,외국인,,,,,,"외국인대상 이중언어과정(3,4학년편입)"
255,0011754,일본문화의이해,01,교양선택,권영성,교양학부,100,42,개설,오프라인,미리보기,,,교양대학(강좌개설),교양학과(강좌개설),교양학과(강좌개설),공통," 13-401 첨단:월(5,6),수(7)",,3,3,0,학기,,,상대평가,상대기본(4080),○,이론,일반과목,일반강의,,,,제1영역:문화와예술,공통,,,,,,
256,0011756,인간행동심리와리더십,01,교양선택,임정섭,교직과,100,94,개설,오프라인,미리보기,,,교양대학(강좌개설),교양학과(강좌개설),교양학과(강좌개설),공통," 13-201 첨단:수(8,9)",,2,2,0,학기,,,상대평가,상대기본(4080),○,이론,일반과목,일반강의,,,,제3영역:인간과사회,공통,,,,,,
257,0011757,판결중심의법이해하기,01,교양선택,윤기택,법학과,100,25,개설,오프라인,미리보기,,,교양대학(강좌개설),교양학과(강좌개설),교양학과(강좌개설),공통," 13-403 첨단:화(1,2),목(6)",,3,3,0,학기,,,상대평가,상대기본(4080),○,이론,일반과목,일반강의,,,,제3영역:인간과사회,공통,,,,,,
258,0011759,우주와천문학,01,교양선택,염태호,에너지융합공학과,100,92,개설,오프라인,미리보기,,,교양대학(강좌개설),교양학과(강좌개설),교양학과(강좌개설),공통," 13-102 계단강의실:화(5,6)",,2,2,0,학기,,,상대평가,상대기본(4080),○,이론,일반과목,일반강의,,,,제4영역:과학과기술,공통,,,,,,
259,0011761,생활화학과문제해결,01,교양선택,이헌,응용화학과,100,25,개설,오프라인,미리보기,,,교양대학(강좌개설),교양학과(강좌개설),교양학과(강좌개설),공통," 09-307 첨단:금(3,4)",,2,1,1,학기,,,상대평가,상대기본(4080),○,"이론+실습(실험,실습,실기)",일반과목,일반강의,,,,제4영역:과학과기술,공통,,,,,,
260,0011763,파생상품이야기,01,교양선택,박준우,경영학과,100,0,폐지,오프라인,미리보기,,,교양대학(강좌개설),교양학과(강좌개설),교양학과(강좌개설),공통," 13-302 첨단:월(5),목(8,9)",2024-08-28,3,3,0,학기,,,상대평가,상대기본(4080),○,이론,일반과목,일반강의,,,,일반영역,공통,,,,,,
261,0011764,메타버스와혁명,01,교양선택,정근훈,교양학부,100,60,개설,오프라인,미리보기,,,교양대학(강좌개설),교양학과(강좌개설),교양학과(강좌개설),공통," 13-102 계단강의실:금(6,7)",,2,1,1,학기,,,상대평가,상대기본(4080),○,"이론+실습(실험,실습,실기)",일반과목,일반강의,,,,제6영역:SW영역,공통,,,,,,
262,0011765,블록체인과가상화폐,01,교양선택,정근훈,교양학부,100,20,개설,오프라인,미리보기,,,교양대학(강좌개설),교양학과(강좌개설),교양학과(강좌개설),공통," 13-102 계단강의실:금(8,9)",,2,2,0,학기,,,상대평가,상대기본(4080),○,이론,일반과목,일반강의,,,,제6영역:SW영역,공통,,,,,,
263,0011767,비즈니스머신러닝,01,교양선택,이원준,경영학과,40,0,폐지,오프라인,미리보기,,,교양대학(강좌개설),교양학과(강좌개설),교양학과(강좌개설),공통," 42-307 전산교육실2:월(8,9)",2024-09-03,2,1,1,학기,,,상대평가,상대기본(4080),○,"이론+실습(실험,실습,실기)",일반과목,일반강의,,,,제6영역:SW영역,공통,,,,,,(PBL교과목)
264,0011768,한국어의이해와활용 1,01,교양선택,전인숙,교양학부,60,42,개설,오프라인,미리보기,,,교양대학(강좌개설),교양학과(강좌개설),교양학과(강좌개설),공통," 13-102 계단강의실:목(5,6)",,2,2,0,학기,,,절대평가,,○,이론,일반과목,일반강의,,,,일반영역,외국인,,,,,,(외국인학생만 수강)
265,0011768,한국어의이해와활용 1,02,교양선택,전인숙,교양학부,71,70,개설,오프라인,미리보기,,,교양대학(강좌개설),교양학과(강좌개설),교양학과(강좌개설),공통," 13-102 계단강의실:목(8,9)",,2,2,0,학기,,,절대평가,,○,이론,일반과목,원어강좌,,,,일반영역,외국인,,,,,,"외국인대상 이중언어과정(3,4학년편입)"
266,0011768,한국어의이해와활용 1,03,교양선택,전인숙,교양학부,70,70,개설,오프라인,미리보기,,,교양대학(강좌개설),교양학과(강좌개설),교양학과(강좌개설),공통," 13-402 첨단:목(1,2)",,2,2,0,학기,,,절대평가,,○,이론,일반과목,원어강좌,,,,일반영역,외국인,,,,,,"외국인대상 이중언어과정(3,4학년편입)"
267,0011768,한국어의이해와활용 1,04,교양선택,조보람,교양학부,55,31,개설,오프라인,미리보기,,,교양대학(강좌개설),교양학과(강좌개설),교양학과(강좌개설),공통," 13-402 첨단:수(5,6)",,2,2,0,학기,,,절대평가,,○,이론,일반과목,일반강의,,,,일반영역,외국인,,,,,,(외국인학생만 수강)
268,0011768,한국어의이해와활용 1,05,교양선택,조보람,교양학부,50,37,개설,오프라인,미리보기,,,교양대학(강좌개설),교양학과(강좌개설),교양학과(강좌개설),공통," 13-402 첨단:수(8,9)",,2,2,0,학기,,,절대평가,,○,이론,일반과목,일반강의,,,,일반영역,외국인,,,,,,(외국인학생만 수강)
269,0011768,한국어의이해와활용 1,06,교양선택,조보람,교양학부,50,49,개설,오프라인,미리보기,,,교양대학(강좌개설),교양학과(강좌개설),교양학과(강좌개설),공통," 09-402 첨단:수(1,2)",,2,2,0,학기,,,절대평가,,○,이론,일반과목,원어강좌,,,,일반영역,외국인,,,,,,"외국인대상 이중언어과정(3,4학년편입)"
270,0011768,한국어의이해와활용 1,07,교양선택,,,0,0,폐지,오프라인,,,,교양대학(강좌개설),교양학과(강좌개설),교양학과(강좌개설),공통," 09-213 첨단:금(3,4)",2024-08-28,2,2,0,학기,,,절대평가,,○,이론,일반과목,원어강좌,,,,일반영역,외국인,,,,,,"외국인대상 이중언어과정(3,4학년편입)"
271,0011768,한국어의이해와활용 1,08,교양선택,,,0,0,폐지,오프라인,,,,교양대학(강좌개설),교양학과(강좌개설),교양학과(강좌개설),공통," 09-213 첨단:금(6,7)",2024-08-28,2,2,0,학기,,,절대평가,,○,이론,일반과목,원어강좌,,,,일반영역,외국인,,,,,,"외국인대상 이중언어과정(3,4학년편입)"
272,0011768,한국어의이해와활용 1,09,교양선택,박현주,교양학부,70,68,개설,오프라인,미리보기,,,교양대학(강좌개설),교양학과(강좌개설),교양학과(강좌개설),공통," 09-213 첨단:월(1,2)",,2,2,0,학기,,,절대평가,,○,이론,일반과목,원어강좌,,,,일반영역,외국인,,,,,,"외국인대상 이중언어과정(3,4학년편입)"
273,0011768,한국어의이해와활용 1,10,교양선택,박현주,교양학부,54,54,개설,오프라인,미리보기,,,교양대학(강좌개설),교양학과(강좌개설),교양학과(강좌개설),공통," 13-302 첨단:월(6,7)",,2,2,0,학기,,,절대평가,,○,이론,일반과목,원어강좌,,,,일반영역,외국인,,,,,,"외국인대상 이중언어과정(3,4학년편입)"
274,0011769,한국어의이해와활용 2,01,교양선택,오성아,교양학부,50,33,개설,오프라인,미리보기,,,교양대학(강좌개설),교양학과(강좌개설),교양학과(강좌개설),공통," 13-402 첨단:목(5,6)",,2,2,0,학기,,,절대평가,,○,이론,일반과목,일반강의,,,,일반영역,외국인,,,,,,(외국인학생만 수강)
275,0011769,한국어의이해와활용 2,02,교양선택,오성아,교양학부,70,69,개설,오프라인,미리보기,,,교양대학(강좌개설),교양학과(강좌개설),교양학과(강좌개설),공통," 13-402 첨단:목(8,9)",,2,2,0,학기,,,절대평가,,○,이론,일반과목,원어강좌,,,,일반영역,외국인,,,,,,"외국인대상 이중언어과정(3,4학년편입)"
276,0011769,한국어의이해와활용 2,03,교양선택,오성아,교양학부,70,69,개설,오프라인,미리보기,,,교양대학(강좌개설),교양학과(강좌개설),교양학과(강좌개설),공통," 09-212 첨단:목(1,2)",,2,2,0,학기,,,절대평가,,○,이론,일반과목,원어강좌,,,,일반영역,외국인,,,,,,"외국인대상 이중언어과정(3,4학년편입)"
277,0011769,한국어의이해와활용 2,04,교양선택,이상아,교양학부,50,42,개설,오프라인,미리보기,,,교양대학(강좌개설),교양학과(강좌개설),교양학과(강좌개설),공통," 13-202 첨단:수(6,7)",,2,2,0,학기,,,절대평가,,○,이론,일반과목,일반강의,,,,일반영역,외국인,,,,,,(외국인학생만 수강)
278,0011769,한국어의이해와활용 2,05,교양선택,,,0,0,폐지,오프라인,,,,교양대학(강좌개설),교양학과(강좌개설),교양학과(강좌개설),공통," 13-202 첨단:수(3,4)",2024-08-28,2,2,0,학기,,,절대평가,,○,이론,일반과목,일반강의,,,,일반영역,외국인,,,,,,(외국인학생만 수강)
279,0011769,한국어의이해와활용 2,06,교양선택,이희원,교양학부,71,71,개설,오프라인,미리보기,,,교양대학(강좌개설),교양학과(강좌개설),교양학과(강좌개설),공통," 13-401 첨단:금(8,9)",,2,2,0,학기,,,절대평가,,○,이론,일반과목,원어강좌,,,,일반영역,외국인,,,,,,"외국인대상 이중언어과정(3,4학년편입)"
280,0011769,한국어의이해와활용 2,07,교양선택,이희원,교양학부,70,70,개설,오프라인,미리보기,,,교양대학(강좌개설),교양학과(강좌개설),교양학과(강좌개설),공통," 13-401 첨단:금(1,2)",,2,2,0,학기,,,절대평가,,○,이론,일반과목,원어강좌,,,,일반영역,외국인,,,,,,"외국인대상 이중언어과정(3,4학년편입)"
281,0011769,한국어의이해와활용 2,08,교양선택,이희원,교양학부,71,70,개설,오프라인,미리보기,,,교양대학(강좌개설),교양학과(강좌개설),교양학과(강좌개설),공통," 13-303 첨단:금(5,6)",,2,2,0,학기,,,절대평가,,○,이론,일반과목,원어강좌,,,,일반영역,외국인,,,,,,"외국인대상 이중언어과정(3,4학년편입)"
282,0011770,학문목적한국어쓰기,01,교양선택,김경화,국어교육과,50,20,개설,오프라인,미리보기,,,교양대학(강좌개설),교양학과(강좌개설),교양학과(강좌개설),공통," 09-316 첨단:금(1,2)",,2,2,0,학기,,,절대평가,,○,이론,일반과목,일반강의,,,,일반영역,외국인,,,,,,(외국인학생만 수강)
283,0011771,실용한국어쓰기,01,교양선택,박영희,교양학부,50,29,개설,오프라인,미리보기,,,교양대학(강좌개설),교양학과(강좌개설),교양학과(강좌개설),공통," 13-501 첨단:목(5,6)",,2,2,0,학기,,,절대평가,,○,이론,일반과목,일반강의,,,,일반영역,외국인,,,,,,(외국인학생만 수강)
284,0011771,실용한국어쓰기,02,교양선택,박영희,교양학부,71,71,개설,오프라인,미리보기,,,교양대학(강좌개설),교양학과(강좌개설),교양학과(강좌개설),공통," 13-501 첨단:목(8,9)",,2,2,0,학기,,,절대평가,,○,이론,일반과목,원어강좌,,,,일반영역,외국인,,,,,,"외국인대상 이중언어과정(3,4학년편입)"
285,0011771,실용한국어쓰기,03,교양선택,박영희,교양학부,71,71,개설,오프라인,미리보기,,,교양대학(강좌개설),교양학과(강좌개설),교양학과(강좌개설),공통," 13-101 계단강의실:목(1,2)",,2,2,0,학기,,,절대평가,,○,이론,일반과목,원어강좌,,,,일반영역,외국인,,,,,,"외국인대상 이중언어과정(3,4학년편입)"
286,0011771,실용한국어쓰기,04,교양선택,이혜영,교양학부,50,13,개설,오프라인,미리보기,,,교양대학(강좌개설),교양학과(강좌개설),교양학과(강좌개설),공통," 09-211 첨단:금(7,8)",,2,2,0,학기,,,절대평가,,○,이론,일반과목,일반강의,,,,일반영역,외국인,,,,,,(외국인학생만 수강)
287,0011771,실용한국어쓰기,05,교양선택,이혜영,교양학부,70,68,개설,오프라인,미리보기,,,교양대학(강좌개설),교양학과(강좌개설),교양학과(강좌개설),공통," 09-211 첨단:금(1,2)",,2,2,0,학기,,,절대평가,,○,이론,일반과목,원어강좌,,,,일반영역,외국인,,,,,,"외국인대상 이중언어과정(3,4학년편입)"
288,0011771,실용한국어쓰기,06,교양선택,이혜영,교양학부,70,68,개설,오프라인,미리보기,,,교양대학(강좌개설),교양학과(강좌개설),교양학과(강좌개설),공통," 09-211 첨단:금(4,5)",,2,2,0,학기,,,절대평가,,○,이론,일반과목,원어강좌,,,,일반영역,외국인,,,,,,"외국인대상 이중언어과정(3,4학년편입)"
289,0011771,실용한국어쓰기,07,교양선택,장경완,교양학부,70,69,개설,오프라인,미리보기,,,교양대학(강좌개설),교양학과(강좌개설),교양학과(강좌개설),공통," 13-501 첨단:월(5,6)",,2,2,0,학기,,,절대평가,,○,이론,일반과목,원어강좌,,,,일반영역,외국인,,,,,,"외국인대상 이중언어과정(3,4학년편입)"
290,0011771,실용한국어쓰기,08,교양선택,장경완,교양학부,50,42,개설,오프라인,미리보기,,,교양대학(강좌개설),교양학과(강좌개설),교양학과(강좌개설),공통," 13-103 계단강의실:월(1,2)",,2,2,0,학기,,,절대평가,,○,이론,일반과목,일반강의,,,,일반영역,외국인,,,,,,(외국인학생만 수강)
291,0011772,실용한국어읽기,01,교양선택,소인호,교양학부,55,35,개설,오프라인,미리보기,,,교양대학(강좌개설),교양학과(강좌개설),교양학과(강좌개설),공통," 13-102 계단강의실:금(1,2)",,2,2,0,학기,,,절대평가,,○,이론,일반과목,일반강의,,,,일반영역,외국인,,,,,,(외국인학생만 수강)
292,0011772,실용한국어읽기,02,교양선택,신윤희,국어교육과,70,70,개설,오프라인,미리보기,,,교양대학(강좌개설),교양학과(강좌개설),교양학과(강좌개설),공통," 13-102 계단강의실:월(5,6)",,2,2,0,학기,,,절대평가,,○,이론,일반과목,원어강좌,,,,일반영역,외국인,,,,,,"외국인대상 이중언어과정(3,4학년편입)"
293,0011772,실용한국어읽기,03,교양선택,임옥규,교양학부,70,70,개설,오프라인,미리보기,,,교양대학(강좌개설),교양학과(강좌개설),교양학과(강좌개설),공통," 13-103 계단강의실:금(5,6)",,2,2,0,학기,,,절대평가,,○,이론,일반과목,원어강좌,,,,일반영역,외국인,,,,,,"외국인대상 이중언어과정(3,4학년편입)"
294,0011772,실용한국어읽기,04,교양선택,김영란,교양학부,71,69,개설,오프라인,미리보기,,,교양대학(강좌개설),교양학과(강좌개설),교양학과(강좌개설),공통," 09-211 첨단:목(5,6)",,2,2,0,학기,,,절대평가,,○,이론,일반과목,원어강좌,,,,일반영역,외국인,,,,,,"외국인대상 이중언어과정(3,4학년편입)"
295,0011772,실용한국어읽기,05,교양선택,김영란,교양학부,71,71,개설,오프라인,미리보기,,,교양대학(강좌개설),교양학과(강좌개설),교양학과(강좌개설),공통," 09-211 첨단:목(8,9)",,2,2,0,학기,,,절대평가,,○,이론,일반과목,원어강좌,,,,일반영역,외국인,,,,,,"외국인대상 이중언어과정(3,4학년편입)"
296,0011772,실용한국어읽기,06,교양선택,김영란,교양학부,50,48,개설,오프라인,미리보기,,,교양대학(강좌개설),교양학과(강좌개설),교양학과(강좌개설),공통," 42-205 LAB-4:42-205 첨단:월(5,6)",,2,2,0,학기,,,절대평가,,○,이론,일반과목,원어강좌,,,,일반영역,외국인,,,,,,"외국인대상 이중언어과정(3,4학년편입)"
297,0011772,실용한국어읽기,07,교양선택,김영란,교양학부,50,28,개설,오프라인,미리보기,,,교양대학(강좌개설),교양학과(강좌개설),교양학과(강좌개설),공통," 42-206 LAB-5:42-206 첨단:월(8,9)",,2,2,0,학기,,,절대평가,,○,이론,일반과목,일반강의,,,,일반영역,외국인,,,,,,(외국인학생만 수강)
298,0011773,유학생을위한발표와토론,01,교양선택,세연령,교양학부,60,43,개설,오프라인,미리보기,,,교양대학(강좌개설),교양학과(강좌개설),교양학과(강좌개설),공통," 09-211 첨단:월(8,9)",,2,2,0,학기,,,절대평가,,○,이론,일반과목,일반강의,,,,일반영역,외국인,,,,,,(외국인학생만 수강)
299,0011773,유학생을위한발표와토론,02,교양선택,세연령,교양학부,50,50,개설,오프라인,미리보기,,,교양대학(강좌개설),교양학과(강좌개설),교양학과(강좌개설),공통," 42-206 LAB-5:42-206 첨단:월(5,6)",,2,2,0,학기,,,절대평가,,○,이론,일반과목,원어강좌,,,,일반영역,외국인,,,,,,"외국인대상 이중언어과정(3,4학년편입)"
300,0011773,유학생을위한발표와토론,03,교양선택,세연령,교양학부,70,70,개설,오프라인,미리보기,,,교양대학(강좌개설),교양학과(강좌개설),교양학과(강좌개설),공통," 13-501 첨단:월(1,2)",,2,2,0,학기,,,절대평가,,○,이론,일반과목,원어강좌,,,,일반영역,외국인,,,,,,"외국인대상 이중언어과정(3,4학년편입)"
301,0011773,유학생을위한발표와토론,04,교양선택,세연령,교양학부,50,47,개설,오프라인,미리보기,,,교양대학(강좌개설),교양학과(강좌개설),교양학과(강좌개설),공통," 42-205 LAB-4:42-205 첨단:목(1,2)",,2,2,0,학기,,,절대평가,,○,이론,일반과목,원어강좌,,,,일반영역,외국인,,,,,,"외국인대상 이중언어과정(3,4학년편입)"
302,0011773,유학생을위한발표와토론,05,교양선택,세연령,교양학부,70,69,개설,오프라인,미리보기,,,교양대학(강좌개설),교양학과(강좌개설),교양학과(강좌개설),공통," 13-501 첨단:금(8,9)",,2,2,0,학기,,,절대평가,,○,이론,일반과목,원어강좌,,,,일반영역,외국인,,,,,,"외국인대상 이중언어과정(3,4학년편입)"
303,0011773,유학생을위한발표와토론,06,교양선택,정진수,교양학부,70,70,개설,오프라인,미리보기,,,교양대학(강좌개설),교양학과(강좌개설),교양학과(강좌개설),공통," 13-501 첨단:수(3,4)",,2,2,0,학기,,,절대평가,,○,이론,일반과목,원어강좌,,,,일반영역,외국인,,,,,,"외국인대상 이중언어과정(3,4학년편입)"
304,0011773,유학생을위한발표와토론,07,교양선택,정진수,교양학부,74,73,개설,오프라인,미리보기,,,교양대학(강좌개설),교양학과(강좌개설),교양학과(강좌개설),공통," 13-403 첨단:수(6,7)",,2,2,0,학기,,,절대평가,,○,이론,일반과목,원어강좌,,,,일반영역,외국인,,,,,,"외국인대상 이중언어과정(3,4학년편입)"
305,0011773,유학생을위한발표와토론,08,교양선택,세연령,교양학부,50,49,개설,오프라인,미리보기,,,교양대학(강좌개설),교양학과(강좌개설),교양학과(강좌개설),공통," 42-206 LAB-5:42-206 첨단:목(8,9)",,2,2,0,학기,,,절대평가,,○,이론,일반과목,원어강좌,,,,일반영역,외국인,,,,,,"외국인대상 이중언어과정(3,4학년편입)"
306,0011774,태권도와공연예술,01,교양선택,지용석,생활체육학과,50,50,개설,오프라인,미리보기,,,교양대학(강좌개설),교양학과(강좌개설),교양학과(강좌개설),공통," 51-116 태권도실:월(3,4)",,2,0,2,학기,,,절대평가,,○,"실습(실험,실습,실기)",일반과목,원어강좌,,,,일반영역,외국인,,,,,,"외국인대상 이중언어과정(3,4학년편입)"
307,0011774,태권도와공연예술,02,교양선택,지용석,생활체육학과,50,50,개설,오프라인,미리보기,,,교양대학(강좌개설),교양학과(강좌개설),교양학과(강좌개설),공통," 51-116 태권도실:월(8,9)",,2,0,2,학기,,,절대평가,,○,"실습(실험,실습,실기)",일반과목,원어강좌,,,,일반영역,외국인,,,,,,"외국인대상 이중언어과정(3,4학년편입)"
308,0011774,태권도와공연예술,03,교양선택,지용석,생활체육학과,50,46,개설,오프라인,미리보기,,,교양대학(강좌개설),교양학과(강좌개설),교양학과(강좌개설),공통," 51-116 태권도실:수(3,4)",,2,0,2,학기,,,절대평가,,○,"실습(실험,실습,실기)",일반과목,원어강좌,,,,일반영역,외국인,,,,,,"외국인대상 이중언어과정(3,4학년편입)"
309,0011774,태권도와공연예술,04,교양선택,지용석,생활체육학과,50,50,개설,오프라인,미리보기,,,교양대학(강좌개설),교양학과(강좌개설),교양학과(강좌개설),공통," 51-116 태권도실:수(8,9)",,2,0,2,학기,,,절대평가,,○,"실습(실험,실습,실기)",일반과목,원어강좌,,,,일반영역,외국인,,,,,,"외국인대상 이중언어과정(3,4학년편입)"
310,0011775,이미지메이킹과브랜딩전략,01,교양선택,이윤정,아트앤패션디자인학과,100,97,개설,오프라인,미리보기,,,교양대학(강좌개설),교양학과(강좌개설),교양학과(강좌개설),공통," 13-101 계단강의실:화(3,4)",,2,2,0,학기,,,상대평가,상대기본(4080),○,이론,일반과목,일반강의,,,,일반영역,공통,,,,,,
311,0011776,러시아문학과사상,01,교양선택,이영범,교양학부,100,62,개설,오프라인,미리보기,,,교양대학(강좌개설),교양학과(강좌개설),교양학과(강좌개설),공통," 13-402 첨단:화(5,6)",,2,2,0,학기,,,상대평가,상대기본(4080),○,이론,일반과목,일반강의,,,,제1영역:문화와예술,공통,,,,,,
312,0012191,인공지능의이해,01,교양선택,김시정,교양학부,800,776,개설,온라인(동영상콘텐츠),미리보기,미리보기,,교양대학(강좌개설),교양학과(강좌개설),교양학과(강좌개설),공통,,,2,2,0,학기,,,상대평가,상대기본(4080),○,이론,일반과목,인터넷강좌,,,,제6영역:SW영역,공통,,,,,,출석시험: 10/25(금) 18:20~18:40
313,0012191,인공지능의이해,02,교양선택,김시정,교양학부,0,20,개설,온라인(동영상콘텐츠),미리보기,미리보기,,교양대학(강좌개설),교양학과(강좌개설),교양학과(강좌개설),공통,,,2,2,0,학기,,,상대평가,상대기본(4080),○,이론,일반과목,인터넷강좌,,,,제6영역:SW영역,공통,,,,,,조기취업학생만 수강
314,0012193,자기주도적학습을위한러닝포트폴리오,01,교양선택,최금진,교직과,40,36,개설,오프라인,미리보기,,,교양대학(강좌개설),교양학과(강좌개설),교양학과(강좌개설),공통," 20-325 HyFlex강의실:목(5,6)",,2,2,0,학기,,,상대평가,상대기본(4080),○,이론,HyFlex강좌,일반강의,,,,일반영역,공통,,,,,,(PBL교과목)
315,0012194,문자디자인(타이포그래피)의이해와소통,01,교양선택,이종선,산업디자인학과,100,98,개설,오프라인,미리보기,,,교양대학(강좌개설),교양학과(강좌개설),교양학과(강좌개설),공통," 13-101 계단강의실:수(1,2)",,2,1,1,학기,,,상대평가,상대기본(4080),○,"이론+실습(실험,실습,실기)",일반과목,일반강의,,,,제1영역:문화와예술,공통,,,,,,
316,0012196,문명과수학,01,교양선택,김인경,수학교육과,100,0,폐지,오프라인,미리보기,,,교양대학(강좌개설),교양학과(강좌개설),교양학과(강좌개설),공통," 13-202 첨단:금(3,4)",2024-08-28,2,2,0,학기,,,상대평가,상대기본(4080),○,이론,일반과목,일반강의,,,,제4영역:과학과기술,공통,,,,,,
317,0012197,ESG경영이해,01,교양선택,이창언,교양학부,100,18,개설,오프라인,미리보기,,,교양대학(강좌개설),교양학과(강좌개설),교양학과(강좌개설),공통," 13-401 첨단:수(5,6)",,2,2,0,학기,,,상대평가,상대기본(4080),○,이론,일반과목,일반강의,,,,제5영역:정치와경제,공통,,,,,,
318,0012198,서양문학의이해,01,교양선택,김성일,교양학부,100,29,개설,온오프병행,미리보기,,,교양대학(강좌개설),교양학과(강좌개설),교양학과(강좌개설),공통," 09-312 HyFlex강의실:월(8,9),목(4)",,3,3,0,학기,,,상대평가,상대기본(4080),○,이론,HyFlex강좌,일반강의,,,,제1영역:문화와예술,공통,,,,,,HyFlex강의실활용강좌(09동 312호)
319,0012199,글로벌인재를위한세계사강의,01,교양선택,이시찬,교양학부,100,73,개설,오프라인,미리보기,,,교양대학(강좌개설),교양학과(강좌개설),교양학과(강좌개설),공통," 13-201 첨단:목(8,9)",,2,2,0,학기,,,상대평가,상대기본(4080),○,이론,일반과목,일반강의,,,,제2영역:역사와철학,공통,,,,,,
320,0012200,CLAP3,01,교양선택,이종선,산업디자인학과,40,22,개설,오프라인,미리보기,,,교양대학(강좌개설),교양학과(강좌개설),교양학과(강좌개설),공통," 42-207 강의실:수(8,9)",,2,1,1,학기,,,상대평가,상대기본(4080),○,"이론+실습(실험,실습,실기)",일반과목,일반강의,,,,제3영역:인간과사회,공통,,,,,,(PBL교과목)
321,0012201,미래사회와소프트웨어,01,교양선택,김시정,교양학부,800,596,개설,온라인(동영상콘텐츠),미리보기,미리보기,,교양대학(강좌개설),교양학과(강좌개설),교양학과(강좌개설),공통,,,2,2,0,학기,,,상대평가,상대기본(4080),○,이론,일반과목,인터넷강좌,,,,제6영역:SW영역,공통,,,,,,출석시험: 10/25(금) 19:10~19:30
322,0012201,미래사회와소프트웨어,02,교양선택,김시정,교양학부,0,20,개설,온라인(동영상콘텐츠),미리보기,미리보기,,교양대학(강좌개설),교양학과(강좌개설),교양학과(강좌개설),공통,,,2,2,0,학기,,,상대평가,상대기본(4080),○,이론,일반과목,인터넷강좌,,,,제6영역:SW영역,공통,,,,,,조기취업학생만 수강
323,0012202,한국의법과생활,01,교양선택,김상균,법학과,70,70,개설,오프라인,미리보기,,,교양대학(강좌개설),교양학과(강좌개설),교양학과(강좌개설),공통," 09-212 첨단:화(5),금(3,4)",,3,3,0,학기,,,절대평가,,○,이론,일반과목,원어강좌,,,,제3영역:인간과사회,외국인,,,,,,"외국인대상 이중언어과정(3,4학년편입)"
324,0012202,한국의법과생활,02,교양선택,백승흠,법학과,71,71,개설,오프라인,미리보기,,,교양대학(강좌개설),교양학과(강좌개설),교양학과(강좌개설),공통," 13-402 첨단:수(3,4),목(7)",,3,3,0,학기,,,절대평가,,○,이론,일반과목,원어강좌,,,,제3영역:인간과사회,외국인,,,,,,"외국인대상 이중언어과정(3,4학년편입)"
325,0012202,한국의법과생활,03,교양선택,조한상,법학과,68,68,개설,오프라인,미리보기,,,교양대학(강좌개설),교양학과(강좌개설),교양학과(강좌개설),공통," 09-312 HyFlex강의실:목(5,6),금(3)",,3,3,0,학기,,,절대평가,,○,이론,일반과목,원어강좌,,,,제3영역:인간과사회,외국인,,,,,,"외국인대상 이중언어과정(3,4학년편입)"
326,0012202,한국의법과생활,04,교양선택,최철호,법학과,70,70,개설,오프라인,미리보기,,,교양대학(강좌개설),교양학과(강좌개설),교양학과(강좌개설),공통," 13-103 계단강의실:화(7), 13-403 첨단:월(3,4)",,3,3,0,학기,,,절대평가,,○,이론,일반과목,원어강좌,,,,제3영역:인간과사회,외국인,,,,,,"외국인대상 이중언어과정(3,4학년편입)"
327,0012202,한국의법과생활,05,교양선택,조홍매,교양학부,50,50,개설,오프라인,미리보기,,,교양대학(강좌개설),교양학과(강좌개설),교양학과(강좌개설),공통," 42-211 LAB-9:42-2 첨단:수(5,6),목(3)",,3,3,0,학기,,,절대평가,,○,이론,일반과목,원어강좌,,,,제3영역:인간과사회,외국인,,,,,,"외국인대상 이중언어과정(3,4학년편입)"
328,0012202,한국의법과생활,06,교양선택,조홍매,교양학부,71,69,개설,오프라인,미리보기,,,교양대학(강좌개설),교양학과(강좌개설),교양학과(강좌개설),공통," 13-403 첨단:화(5,6),금(5)",,3,3,0,학기,,,절대평가,,○,이론,일반과목,원어강좌,,,,제3영역:인간과사회,외국인,,,,,,"외국인대상 이중언어과정(3,4학년편입)"
329,0012202,한국의법과생활,07,교양선택,백승흠,법학과,70,70,개설,오프라인,미리보기,,,교양대학(강좌개설),교양학과(강좌개설),교양학과(강좌개설),공통," 13-402 첨단:화(3),금(1,2)",,3,3,0,학기,,,절대평가,,○,이론,일반과목,원어강좌,,,,제3영역:인간과사회,외국인,,,,,,"외국인대상 이중언어과정(3,4학년편입)"
330,0012202,한국의법과생활,08,교양선택,최철호,법학과,70,69,개설,오프라인,미리보기,,,교양대학(강좌개설),교양학과(강좌개설),교양학과(강좌개설),공통," 13-103 계단강의실:화(5,6), 13-403 첨단:수(5)",,3,3,0,학기,,,절대평가,,○,이론,일반과목,원어강좌,,,,제3영역:인간과사회,외국인,,,,,,"외국인대상 이중언어과정(3,4학년편입)"
331,0012203,유학생을위한자기주도적학습전략,01,교양선택,최금진,교직과,50,50,개설,오프라인,미리보기,,,교양대학(강좌개설),교양학과(강좌개설),교양학과(강좌개설),공통," 42-304 ALC강의실:월(1,2,3)",,3,3,0,학기,,,절대평가,,○,이론,일반과목,원어강좌,,,,일반영역,외국인,,,,,,"외국인대상 이중언어과정(3,4학년편입)"
332,0012203,유학생을위한자기주도적학습전략,02,교양선택,최금진,교직과,50,50,개설,오프라인,미리보기,,,교양대학(강좌개설),교양학과(강좌개설),교양학과(강좌개설),공통," 42-304 ALC강의실:금(1,2,3)",,3,3,0,학기,,,절대평가,,○,이론,일반과목,원어강좌,,,,일반영역,외국인,,,,,,"외국인대상 이중언어과정(3,4학년편입)"
333,0012203,유학생을위한자기주도적학습전략,03,교양선택,마단,교양학부,50,50,개설,오프라인,미리보기,,,교양대학(강좌개설),교양학과(강좌개설),교양학과(강좌개설),공통," 08-207 강의실:월(7),화(1,2)",,3,3,0,학기,,,절대평가,,○,이론,일반과목,원어강좌,,,,일반영역,외국인,,,,,,"외국인대상 이중언어과정(3,4학년편입)"
334,0012203,유학생을위한자기주도적학습전략,04,교양선택,마단,교양학부,70,70,개설,오프라인,미리보기,,,교양대학(강좌개설),교양학과(강좌개설),교양학과(강좌개설),공통," 13-202 첨단:수(8),목(1,2)",,3,3,0,학기,,,절대평가,,○,이론,일반과목,원어강좌,,,,일반영역,외국인,,,,,,"외국인대상 이중언어과정(3,4학년편입)"
335,0012203,유학생을위한자기주도적학습전략,05,교양선택,마단,교양학부,53,53,개설,오프라인,미리보기,,,교양대학(강좌개설),교양학과(강좌개설),교양학과(강좌개설),공통," 09-411 첨단:수(5,6),목(5)",,3,3,0,학기,,,절대평가,,○,이론,일반과목,원어강좌,,,,일반영역,외국인,,,,,,"외국인대상 이중언어과정(3,4학년편입)"
336,0012203,유학생을위한자기주도적학습전략,06,교양선택,최금진,교직과,51,51,개설,오프라인,미리보기,,,교양대학(강좌개설),교양학과(강좌개설),교양학과(강좌개설),공통," 42-304 ALC강의실:월(5,6,7)",,3,3,0,학기,,,절대평가,,○,이론,일반과목,원어강좌,,,,일반영역,외국인,,,,,,"외국인대상 이중언어과정(3,4학년편입)"
337,0012203,유학생을위한자기주도적학습전략,07,교양선택,마단,교양학부,50,50,개설,오프라인,미리보기,,,교양대학(강좌개설),교양학과(강좌개설),교양학과(강좌개설),공통," 08-207 강의실:월(5,6),화(3)",,3,3,0,학기,,,절대평가,,○,이론,일반과목,원어강좌,,,,일반영역,외국인,,,,,,"외국인대상 이중언어과정(3,4학년편입)"
338,0012204,한국어학술텍스트읽기,01,교양선택,박광순,신문방송학과,50,50,개설,오프라인,미리보기,,,교양대학(강좌개설),교양학과(강좌개설),교양학과(강좌개설),공통," 09-402 첨단:월(7,8),목(9)",,3,3,0,학기,,,절대평가,,○,이론,일반과목,원어강좌,,,,일반영역,외국인,,,,,,"외국인대상 이중언어과정(3,4학년편입)"
339,0012204,한국어학술텍스트읽기,02,교양선택,방화룡,교양학부,50,49,개설,오프라인,미리보기,,,교양대학(강좌개설),교양학과(강좌개설),교양학과(강좌개설),공통," 09-402 첨단:목(7), 09-411 첨단:월(1,2)",,3,3,0,학기,,,절대평가,,○,이론,일반과목,원어강좌,,,,일반영역,외국인,,,,,,"외국인대상 이중언어과정(3,4학년편입)"
340,0012204,한국어학술텍스트읽기,03,교양선택,세연령,교양학부,50,50,개설,오프라인,미리보기,,,교양대학(강좌개설),교양학과(강좌개설),교양학과(강좌개설),공통," 42-206 LAB-5:42-206 첨단:목(5,6),금(3)",,3,3,0,학기,,,절대평가,,○,이론,일반과목,원어강좌,,,,일반영역,외국인,,,,,,"외국인대상 이중언어과정(3,4학년편입)"
341,0012204,한국어학술텍스트읽기,04,교양선택,방화룡,교양학부,50,50,개설,오프라인,미리보기,,,교양대학(강좌개설),교양학과(강좌개설),교양학과(강좌개설),공통," 09-402 첨단:목(5,6), 09-411 첨단:월(3)",,3,3,0,학기,,,절대평가,,○,이론,일반과목,원어강좌,,,,일반영역,외국인,,,,,,"외국인대상 이중언어과정(3,4학년편입)"
342,0012204,한국어학술텍스트읽기,05,교양선택,김영란,교양학부,50,47,개설,오프라인,미리보기,,,교양대학(강좌개설),교양학과(강좌개설),교양학과(강좌개설),공통," 42-206 LAB-5:42-206 첨단:월(3),금(5,6)",,3,3,0,학기,,,절대평가,,○,이론,일반과목,원어강좌,,,,일반영역,외국인,,,,,,"외국인대상 이중언어과정(3,4학년편입)"
343,0012204,한국어학술텍스트읽기,06,교양선택,김영란,교양학부,50,48,개설,오프라인,미리보기,,,교양대학(강좌개설),교양학과(강좌개설),교양학과(강좌개설),공통," 20-421 첨단:목(1,2),금(3)",,3,3,0,학기,,,절대평가,,○,이론,일반과목,원어강좌,,,,일반영역,외국인,,,,,,"외국인대상 이중언어과정(3,4학년편입)"
344,0012204,한국어학술텍스트읽기,07,교양선택,,,0,0,폐지,오프라인,,,,교양대학(강좌개설),교양학과(강좌개설),교양학과(강좌개설),공통," 13-401 첨단:목(3,4,5)",2024-08-28,3,3,0,학기,,,절대평가,,○,이론,일반과목,원어강좌,,,,일반영역,외국인,,,,,,"외국인대상 이중언어과정(3,4학년편입)"
345,0012204,한국어학술텍스트읽기,08,교양선택,,,0,0,폐지,오프라인,,,,교양대학(강좌개설),교양학과(강좌개설),교양학과(강좌개설),공통," 09-212 첨단:목(7,8,9)",2024-08-28,3,3,0,학기,,,절대평가,,○,이론,일반과목,원어강좌,,,,일반영역,외국인,,,,,,"외국인대상 이중언어과정(3,4학년편입)"
346,0012205,한국어학술담화의이해,01,교양선택,조홍매,교양학부,50,50,개설,오프라인,미리보기,,,교양대학(강좌개설),교양학과(강좌개설),교양학과(강좌개설),공통," 42-211 LAB-9:42-2 첨단:화(3),목(1,2)",,3,3,0,학기,,,절대평가,,○,이론,일반과목,원어강좌,,,,일반영역,외국인,,,,,,"외국인대상 이중언어과정(3,4학년편입)"
347,0012205,한국어학술담화의이해,02,교양선택,조홍매,교양학부,50,48,개설,오프라인,미리보기,,,교양대학(강좌개설),교양학과(강좌개설),교양학과(강좌개설),공통," 42-205 LAB-4:42-205 첨단:목(6,7),금(3)",,3,3,0,학기,,,절대평가,,○,이론,일반과목,원어강좌,,,,일반영역,외국인,,,,,,"외국인대상 이중언어과정(3,4학년편입)"
348,0012205,한국어학술담화의이해,03,교양선택,함오매,교양학부,50,50,개설,오프라인,미리보기,,,교양대학(강좌개설),교양학과(강좌개설),교양학과(강좌개설),공통," 42-211 LAB-9:42-2 첨단:화(5,6),금(3)",,3,3,0,학기,,,절대평가,,○,이론,일반과목,원어강좌,,,,일반영역,외국인,,,,,,"외국인대상 이중언어과정(3,4학년편입)"
349,0012205,한국어학술담화의이해,04,교양선택,함오매,교양학부,50,50,개설,오프라인,미리보기,,,교양대학(강좌개설),교양학과(강좌개설),교양학과(강좌개설),공통," 08-207 강의실:월(3),수(7,8)",,3,3,0,학기,,,절대평가,,○,이론,일반과목,원어강좌,,,,일반영역,외국인,,,,,,"외국인대상 이중언어과정(3,4학년편입)"
350,0012205,한국어학술담화의이해,05,교양선택,함오매,교양학부,50,49,개설,오프라인,미리보기,,,교양대학(강좌개설),교양학과(강좌개설),교양학과(강좌개설),공통," 42-211 LAB-9:42-2 첨단:화(7),금(1,2)",,3,3,0,학기,,,절대평가,,○,이론,일반과목,원어강좌,,,,일반영역,외국인,,,,,,"외국인대상 이중언어과정(3,4학년편입)"
351,0012205,한국어학술담화의이해,06,교양선택,함오매,교양학부,70,69,개설,오프라인,미리보기,,,교양대학(강좌개설),교양학과(강좌개설),교양학과(강좌개설),공통," 09-212 첨단:화(1,2),금(7)",,3,3,0,학기,,,절대평가,,○,이론,일반과목,원어강좌,,,,일반영역,외국인,,,,,,"외국인대상 이중언어과정(3,4학년편입)"
352,0012205,한국어학술담화의이해,07,교양선택,조홍매,교양학부,70,70,개설,오프라인,미리보기,,,교양대학(강좌개설),교양학과(강좌개설),교양학과(강좌개설),공통," 13-302 첨단:월(3),수(1,2)",,3,3,0,학기,,,절대평가,,○,이론,일반과목,원어강좌,,,,일반영역,외국인,,,,,,"외국인대상 이중언어과정(3,4학년편입)"
353,0012205,한국어학술담화의이해,08,교양선택,,,0,0,폐지,오프라인,,,,교양대학(강좌개설),교양학과(강좌개설),교양학과(강좌개설),공통," 42-205 LAB-4:42-205 첨단:월(1,2,3)",2024-08-28,3,3,0,학기,,,절대평가,,○,이론,일반과목,원어강좌,,,,일반영역,외국인,,,,,,"외국인대상 이중언어과정(3,4학년편입)"
354,0012205,한국어학술담화의이해,09,교양선택,김순일,교양학부,70,69,개설,오프라인,미리보기,,,교양대학(강좌개설),교양학과(강좌개설),교양학과(강좌개설),공통," 09-213 첨단:월(5,6,7)",,3,3,0,학기,,,절대평가,,○,이론,일반과목,원어강좌,,,,일반영역,외국인,,,,,,"외국인대상 이중언어과정(3,4학년편입)"
355,0012206,영상매체로배우는한국어,01,교양선택,가취명,교양학부,51,51,개설,오프라인,미리보기,,,교양대학(강좌개설),교양학과(강좌개설),교양학과(강좌개설),공통," 09-316 첨단:화(5),수(1,2)",,3,3,0,학기,,,절대평가,,○,이론,일반과목,원어강좌,,,,일반영역,외국인,,,,,,"외국인대상 이중언어과정(3,4학년편입)"
356,0012206,영상매체로배우는한국어,02,교양선택,조홍매,교양학부,50,50,개설,오프라인,미리보기,,,교양대학(강좌개설),교양학과(강좌개설),교양학과(강좌개설),공통," 42-211 LAB-9:42-2 첨단:화(1,2),수(7)",,3,3,0,학기,,,절대평가,,○,이론,일반과목,원어강좌,,,,일반영역,외국인,,,,,,"외국인대상 이중언어과정(3,4학년편입)"
357,0012206,영상매체로배우는한국어,03,교양선택,가취명,교양학부,50,50,개설,오프라인,미리보기,,,교양대학(강좌개설),교양학과(강좌개설),교양학과(강좌개설),공통," 42-211 LAB-9:42-2 첨단:월(3),목(5,6)",,3,3,0,학기,,,절대평가,,○,이론,일반과목,원어강좌,,,,일반영역,외국인,,,,,,"외국인대상 이중언어과정(3,4학년편입)"
358,0012206,영상매체로배우는한국어,04,교양선택,가취명,교양학부,52,52,개설,오프라인,미리보기,,,교양대학(강좌개설),교양학과(강좌개설),교양학과(강좌개설),공통," 09-308 첨단:화(1,2),수(7)",,3,3,0,학기,,,절대평가,,○,이론,일반과목,원어강좌,,,,일반영역,외국인,,,,,,"외국인대상 이중언어과정(3,4학년편입)"
359,0012206,영상매체로배우는한국어,05,교양선택,가취명,교양학부,50,50,개설,오프라인,미리보기,,,교양대학(강좌개설),교양학과(강좌개설),교양학과(강좌개설),공통," 42-211 LAB-9:42-2 첨단:월(1,2),목(7)",,3,3,0,학기,,,절대평가,,○,이론,일반과목,원어강좌,,,,일반영역,외국인,,,,,,"외국인대상 이중언어과정(3,4학년편입)"
360,0012206,영상매체로배우는한국어,06,교양선택,김순일,교양학부,70,70,개설,오프라인,미리보기,,,교양대학(강좌개설),교양학과(강좌개설),교양학과(강좌개설),공통," 13-101 계단강의실:금(7,8,9)",,3,3,0,학기,,,절대평가,,○,이론,일반과목,원어강좌,,,,일반영역,외국인,,,,,,"외국인대상 이중언어과정(3,4학년편입)"
361,0012206,영상매체로배우는한국어,07,교양선택,조홍매,교양학부,70,68,개설,오프라인,미리보기,,,교양대학(강좌개설),교양학과(강좌개설),교양학과(강좌개설),공통," 13-302 첨단:월(1,2),수(3)",,3,3,0,학기,,,절대평가,,○,이론,일반과목,원어강좌,,,,일반영역,외국인,,,,,,"외국인대상 이중언어과정(3,4학년편입)"
362,0012206,영상매체로배우는한국어,08,교양선택,,,0,0,폐지,오프라인,,,,교양대학(강좌개설),교양학과(강좌개설),교양학과(강좌개설),공통," 13-101 계단강의실:금(3,4,5)",2024-08-28,3,3,0,학기,,,절대평가,,○,이론,일반과목,원어강좌,,,,일반영역,외국인,,,,,,"외국인대상 이중언어과정(3,4학년편입)"
363,0012207,한국어시사텍스트읽기,01,교양선택,김영란,교양학부,50,50,개설,오프라인,미리보기,,,교양대학(강좌개설),교양학과(강좌개설),교양학과(강좌개설),공통," 42-205 LAB-4:42-205 첨단:화(5,6),수(7)",,3,3,0,학기,,,절대평가,,○,이론,일반과목,원어강좌,,,,일반영역,외국인,,,,,,"외국인대상 이중언어과정(3,4학년편입)"
364,0012207,한국어시사텍스트읽기,02,교양선택,조홍매,교양학부,50,48,개설,오프라인,미리보기,,,교양대학(강좌개설),교양학과(강좌개설),교양학과(강좌개설),공통," 42-205 LAB-4:42-205 첨단:목(5),금(1,2)",,3,3,0,학기,,,절대평가,,○,이론,일반과목,원어강좌,,,,일반영역,외국인,,,,,,"외국인대상 이중언어과정(3,4학년편입)"
365,0012207,한국어시사텍스트읽기,03,교양선택,조홍매,교양학부,70,69,개설,오프라인,미리보기,,,교양대학(강좌개설),교양학과(강좌개설),교양학과(강좌개설),공통," 13-403 첨단:화(7),금(6,7)",,3,3,0,학기,,,절대평가,,○,이론,일반과목,원어강좌,,,,일반영역,외국인,,,,,,"외국인대상 이중언어과정(3,4학년편입)"
366,0012207,한국어시사텍스트읽기,04,교양선택,왕뢰,교양학부,50,50,개설,오프라인,미리보기,,,교양대학(강좌개설),교양학과(강좌개설),교양학과(강좌개설),공통," 09-402 첨단:화(5,6),금(7)",,3,3,0,학기,,,절대평가,,○,이론,일반과목,원어강좌,,,,일반영역,외국인,,,,,,"외국인대상 이중언어과정(3,4학년편입)"
367,0012207,한국어시사텍스트읽기,05,교양선택,왕뢰,교양학부,50,50,개설,오프라인,미리보기,,,교양대학(강좌개설),교양학과(강좌개설),교양학과(강좌개설),공통," 09-402 첨단:화(7),금(5,6)",,3,3,0,학기,,,절대평가,,○,이론,일반과목,원어강좌,,,,일반영역,외국인,,,,,,"외국인대상 이중언어과정(3,4학년편입)"
368,0012207,한국어시사텍스트읽기,06,교양선택,유태종,국제교류처,70,70,개설,오프라인,미리보기,,,교양대학(강좌개설),교양학과(강좌개설),교양학과(강좌개설),공통," 13-403 첨단:월(7,8,9)",,3,3,0,학기,,,절대평가,,○,이론,일반과목,원어강좌,,,,일반영역,외국인,,,,,,"외국인대상 이중언어과정(3,4학년편입)"
369,0012207,한국어시사텍스트읽기,07,교양선택,김태은,교양학부,70,70,개설,오프라인,미리보기,,,교양대학(강좌개설),교양학과(강좌개설),교양학과(강좌개설),공통," 13-302 첨단:목(5,6,7)",,3,3,0,학기,,,절대평가,,○,이론,일반과목,원어강좌,,,,일반영역,외국인,,,,,,"외국인대상 이중언어과정(3,4학년편입)"
370,0012207,한국어시사텍스트읽기,08,교양선택,김태은,교양학부,50,49,개설,오프라인,미리보기,,,교양대학(강좌개설),교양학과(강좌개설),교양학과(강좌개설),공통," 42-206 LAB-5:42-206 첨단:목(1,2,3)",,3,3,0,학기,,,절대평가,,○,이론,일반과목,원어강좌,,,,일반영역,외국인,,,,,,"외국인대상 이중언어과정(3,4학년편입)"
371,0012208,한국어어휘교육,01,교양선택,김영란,교양학부,50,50,개설,오프라인,미리보기,,,교양대학(강좌개설),교양학과(강좌개설),교양학과(강좌개설),공통," 20-420 첨단:화(3),수(1,2)",,3,3,0,학기,,,절대평가,,○,이론,일반과목,원어강좌,,,,일반영역,외국인,,,,,,"외국인대상 이중언어과정(3,4학년편입)"
372,0012208,한국어어휘교육,02,교양선택,김영란,교양학부,50,49,개설,오프라인,미리보기,,,교양대학(강좌개설),교양학과(강좌개설),교양학과(강좌개설),공통," 42-206 LAB-5:42-206 첨단:월(1,2),금(7)",,3,3,0,학기,,,절대평가,,○,이론,일반과목,원어강좌,,,,일반영역,외국인,,,,,,"외국인대상 이중언어과정(3,4학년편입)"
373,0012208,한국어어휘교육,03,교양선택,김영란,교양학부,50,50,개설,오프라인,미리보기,,,교양대학(강좌개설),교양학과(강좌개설),교양학과(강좌개설),공통," 20-420 첨단:화(1,2),수(3)",,3,3,0,학기,,,절대평가,,○,이론,일반과목,원어강좌,,,,일반영역,외국인,,,,,,"외국인대상 이중언어과정(3,4학년편입)"
374,0012208,한국어어휘교육,04,교양선택,김영란,교양학부,50,50,개설,오프라인,미리보기,,,교양대학(강좌개설),교양학과(강좌개설),교양학과(강좌개설),공통," 42-205 LAB-4:42-205 첨단:화(7),수(5,6)",,3,3,0,학기,,,절대평가,,○,이론,일반과목,원어강좌,,,,일반영역,외국인,,,,,,"외국인대상 이중언어과정(3,4학년편입)"
375,0012208,한국어어휘교육,05,교양선택,가취명,교양학부,70,70,개설,오프라인,미리보기,,,교양대학(강좌개설),교양학과(강좌개설),교양학과(강좌개설),공통," 09-211 첨단:월(7),목(1,2)",,3,3,0,학기,,,절대평가,,○,이론,일반과목,원어강좌,,,,일반영역,외국인,,,,,,"외국인대상 이중언어과정(3,4학년편입)"
376,0012208,한국어어휘교육,06,교양선택,가취명,교양학부,71,71,개설,오프라인,미리보기,,,교양대학(강좌개설),교양학과(강좌개설),교양학과(강좌개설),공통," 09-211 첨단:월(5,6),목(3)",,3,3,0,학기,,,절대평가,,○,이론,일반과목,원어강좌,,,,일반영역,외국인,,,,,,"외국인대상 이중언어과정(3,4학년편입)"
377,0012208,한국어어휘교육,07,교양선택,김영란,교양학부,50,48,개설,오프라인,미리보기,,,교양대학(강좌개설),교양학과(강좌개설),교양학과(강좌개설),공통," 20-421 첨단:목(3),금(1,2)",,3,3,0,학기,,,절대평가,,○,이론,일반과목,원어강좌,,,,일반영역,외국인,,,,,,"외국인대상 이중언어과정(3,4학년편입)"
378,0012208,한국어어휘교육,08,교양선택,가취명,교양학부,50,50,개설,오프라인,미리보기,,,교양대학(강좌개설),교양학과(강좌개설),교양학과(강좌개설),공통," 09-316 첨단:화(6,7), 42-211 LAB-9:42-2 첨단:목(9)",,3,3,0,학기,,,절대평가,,○,이론,일반과목,원어강좌,,,,일반영역,외국인,,,,,,"외국인대상 이중언어과정(3,4학년편입)"
379,0012209,한국어어문규정,01,교양선택,함오매,교양학부,50,50,개설,오프라인,미리보기,,,교양대학(강좌개설),교양학과(강좌개설),교양학과(강좌개설),공통," 42-211 LAB-9:42-2 첨단:월(9),수(1,2)",,3,3,0,학기,,,절대평가,,○,이론,일반과목,원어강좌,,,,일반영역,외국인,,,,,,"외국인대상 이중언어과정(3,4학년편입)"
380,0012209,한국어어문규정,02,교양선택,함오매,교양학부,50,50,개설,오프라인,미리보기,,,교양대학(강좌개설),교양학과(강좌개설),교양학과(강좌개설),공통," 08-207 강의실:월(1,2),수(9)",,3,3,0,학기,,,절대평가,,○,이론,일반과목,원어강좌,,,,일반영역,외국인,,,,,,"외국인대상 이중언어과정(3,4학년편입)"
381,0012209,한국어어문규정,03,교양선택,함오매,교양학부,70,70,개설,오프라인,미리보기,,,교양대학(강좌개설),교양학과(강좌개설),교양학과(강좌개설),공통," 09-212 첨단:화(3),금(5,6)",,3,3,0,학기,,,절대평가,,○,이론,일반과목,원어강좌,,,,일반영역,외국인,,,,,,"외국인대상 이중언어과정(3,4학년편입)"
382,0012209,한국어어문규정,04,교양선택,함오매,교양학부,50,50,개설,오프라인,미리보기,,,교양대학(강좌개설),교양학과(강좌개설),교양학과(강좌개설),공통," 42-211 LAB-9:42-2 첨단:월(7,8),수(3)",,3,3,0,학기,,,절대평가,,○,이론,일반과목,원어강좌,,,,일반영역,외국인,,,,,,"외국인대상 이중언어과정(3,4학년편입)"
383,0012209,한국어어문규정,05,교양선택,세연령,교양학부,50,50,개설,오프라인,미리보기,,,교양대학(강좌개설),교양학과(강좌개설),교양학과(강좌개설),공통," 42-206 LAB-5:42-206 첨단:화(7),수(1,2)",,3,3,0,학기,,,절대평가,,○,이론,일반과목,원어강좌,,,,일반영역,외국인,,,,,,"외국인대상 이중언어과정(3,4학년편입)"
384,0012209,한국어어문규정,06,교양선택,세연령,교양학부,50,50,개설,오프라인,미리보기,,,교양대학(강좌개설),교양학과(강좌개설),교양학과(강좌개설),공통," 42-206 LAB-5:42-206 첨단:화(5,6),수(3)",,3,3,0,학기,,,절대평가,,○,이론,일반과목,원어강좌,,,,일반영역,외국인,,,,,,"외국인대상 이중언어과정(3,4학년편입)"
385,0012211,세상을연결하는컴퓨터네트워크,01,교양선택,김봉한,디지털보안학과,800,539,개설,온라인(동영상콘텐츠),미리보기,미리보기,,교양대학(강좌개설),교양학과(강좌개설),교양학과(강좌개설),공통,,,2,2,0,학기,,,상대평가,상대기본(4080),○,이론,일반과목,인터넷강좌,,,,제4영역:과학과기술,공통,,,,,,출석시험: 10/28(월) 18:20~18:40
386,0012211,세상을연결하는컴퓨터네트워크,02,교양선택,김봉한,디지털보안학과,0,16,개설,온라인(동영상콘텐츠),미리보기,미리보기,,교양대학(강좌개설),교양학과(강좌개설),교양학과(강좌개설),공통,,,2,2,0,학기,,,상대평가,상대기본(4080),○,이론,일반과목,인터넷강좌,,,,제4영역:과학과기술,공통,,,,,,조기취업학생만 수강
387,0012212,일본인의삶,01,교양선택,권영성,교양학부,800,783,개설,온라인(동영상콘텐츠),미리보기,미리보기,,교양대학(강좌개설),교양학과(강좌개설),교양학과(강좌개설),공통,,,2,2,0,학기,,,상대평가,상대기본(4080),○,이론,일반과목,인터넷강좌,,,,일반영역,공통,,,,,,출석시험: 10/25(금) 20:00~20:20
388,0012212,일본인의삶,02,교양선택,권영성,교양학부,0,25,개설,온라인(동영상콘텐츠),미리보기,미리보기,,교양대학(강좌개설),교양학과(강좌개설),교양학과(강좌개설),공통,,,2,2,0,학기,,,상대평가,상대20(기본),○,이론,일반과목,인터넷강좌,,,,일반영역,공통,,,,,,조기취업학생만 수강
389,0012424,이문화의이해,01,교양선택,김선영,교양학부,100,74,개설,오프라인,미리보기,,,교양대학(강좌개설),교양학과(강좌개설),교양학과(강좌개설),공통," 13-303 첨단:목(8,9)",,2,2,0,학기,,,상대평가,상대기본(4080),○,이론,일반과목,일반강의,,,,제1영역:문화와예술,공통,,,,,,
390,0012425,서양신화와문명의이해,01,교양선택,김성일,교양학부,100,99,개설,오프라인,미리보기,,,교양대학(강좌개설),교양학과(강좌개설),교양학과(강좌개설),공통," 13-301 첨단:수(3,4)",,2,2,0,학기,,,상대평가,상대기본(4080),○,이론,일반과목,일반강의,,,,제1영역:문화와예술,공통,,,,,,
391,0012428,한국전통문화와예절,01,교양선택,도민재,교양학부,100,63,개설,오프라인,미리보기,,,교양대학(강좌개설),교양학과(강좌개설),교양학과(강좌개설),공통," 13-203 첨단:월(8,9)",,2,2,0,학기,,,상대평가,상대기본(4080),○,이론,일반과목,일반강의,,,,제1영역:문화와예술,공통,,,,,,
392,0012429,한국의민속과예술,01,교양선택,소인호,교양학부,100,87,개설,오프라인,미리보기,,,교양대학(강좌개설),교양학과(강좌개설),교양학과(강좌개설),공통," 13-303 첨단:화(1,2)",,2,1,1,학기,,,상대평가,상대기본(4080),○,"이론+실습(실험,실습,실기)",일반과목,일반강의,,,,제1영역:문화와예술,공통,,,,,,
393,0012432,행복학개론,01,교양선택,박준우,경영학과,100,87,개설,오프라인,미리보기,,,교양대학(강좌개설),교양학과(강좌개설),교양학과(강좌개설),공통," 13-501 첨단:금(1,2)",,2,2,0,학기,,,상대평가,상대기본(4080),○,이론,일반과목,일반강의,,,,제3영역:인간과사회,공통,,,,,,
394,0012433,ESG와공공담론,01,교양선택,조한상,법학과,100,48,개설,오프라인,미리보기,,,교양대학(강좌개설),교양학과(강좌개설),교양학과(강좌개설),공통," 13-102 계단강의실:월(3,4)",,2,2,0,학기,,,상대평가,상대기본(4080),○,이론,일반과목,일반강의,,,,제5영역:정치와경제,공통,,,,,,
395,0012434,RC실전동영상편집,01,교양선택,홍민희,영화영상학과,30,30,개설,오프라인,미리보기,,,교양대학(강좌개설),교양학과(강좌개설),교양학과(강좌개설),공통," 31-213 전산교육실:목(11,12)",,2,1,1,학기,,,상대평가,상대기본(4080),○,"이론+실습(실험,실습,실기)",일반과목,일반강의,,,,일반영역,공통,,,,,,생활관 입실학생만 신청가능
396,0012453,충북특화산업의수출과세계화,01,교양선택,이재영,무역학과,100,0,폐지,오프라인,미리보기,,,교양대학(강좌개설),교양학과(강좌개설),교양학과(강좌개설),공통," 13-302 첨단:수(8,9)",2024-08-28,2,2,0,학기,,,상대평가,상대기본(4080),○,이론,일반과목,일반강의,,,,제5영역:정치와경제,공통,,,,,,
